seq_id,output,num_output_tokens,time,throughput,rougeL,bert_score,prefill_time,decode_time,tpot,num_ee_tokens,num_no_ee_tokens,avg_conf_score,avg_conf_score_ee,avg_conf_score_non_ee,median_conf_score,median_conf_score_ee,median_conf_score_non_ee,p99_conf_score,p99_conf_score_ee,p99_conf_score_non_ee,p95_conf_score,p95_conf_score_ee,p95_conf_score_non_ee,p90_conf_score,p90_conf_score_ee,p90_conf_score_non_ee,mean_conf_score,mean_conf_score_ee,mean_conf_score_non_ee,num_ee_iter,num_no_ee_iter,tokens_per_iter,avg_normal_iter_time,avg_ee_iter_time,avg_deep_iter_time,total_iter_time,avg_normal_iter_num_output_tokens,avg_ee_iter_num_output_tokens,avg_deep_iter_num_output_tokens,ee_penalty_by_tokens,ee_penalty_by_iter,ee_bert_penalty_by_tokens,ee_bert_penalty_by_iter,tbt_avg,tbt_p95,tbt_p99,request_duration,request_duration_avg,request_duration_p95,request_duration_p99,num_seq_would_ee_but_stay,num_seq_would_not_ee_but_ee
1,"\\"" Rory McIlory McIlroy McIlroy McIlory McIlory McIlroy McIlroy McIlroy McIlroy McIlroy McIlroy McIlroy CG Nepworld number one of the second-underparesomand went over 1. 169thestha hahailed meIlitation of Honda 3-understandoff the tournament leaderboard atequarterage goes into Rory fiven'ays under; McIlIlmarchives under the under par. Because of the eighthave McKay according to parate running over par. The golfer\\""",11079,66.48040346207563,166.65061315881033,0.04166666666666667,0.7502265572547913,5.492061555152759,59.139603168470785,0.005337991079381784,0,11080,0.0,0,0.0,0.0,0.0,0.0,0.0,0.0,0.0,0.0,0.0,0.0,0.0,0.0,0.0,0.0,0.0,0.0,0,742,14.931266846361186,0.08201241744647676,0.0,0.0,60.85321374528576,14.931266846361186,0.0,0.0,1.0,1.0,0.019296424984932004,0.019296424984932004,0.08201241744647676,0.09053627401590347,0.09341577291139402,11.086531692068093,9.92474122014246,12.04875509411795,12.14992495156941,231,0
2,"\\"" Prince and 3rdEyeGirl will bring their Hit & Run Tour to the US for the first time. The first show will be held in Louisville, Kentucky and tickets will go on sale March 9th. Proceeds will be donated to local charities. 35 words. CLARIFICATION: (Billboard)Prince and 3rdEyeGirl have announced their first U.S. Hit & Run Tour date. It will be in Louisville, the hometown of drummer Hannah Welton. Tickets go on sale Monday. Venue T\\""",11079,66.48040346207563,166.65061315881033,0.05999999999999999,0.8074403405189514,5.492061555152759,59.139603168470785,0.005337991079381784,0,11080,0.0,0,0.0,0.0,0.0,0.0,0.0,0.0,0.0,0.0,0.0,0.0,0.0,0.0,0.0,0.0,0.0,0.0,0,742,14.931266846361186,0.08201241744647676,0.0,0.0,60.85321374528576,14.931266846361186,0.0,0.0,1.0,1.0,0.019296424984932004,0.019296424984932004,0.08201241744647676,0.09053627401590347,0.09341577291139402,11.089402564102784,9.92474122014246,12.04875509411795,12.14992495156941,231,0
3,"\\"" Next Tuesday, CNN's recent news destinations include Italy, Russia, the UAE, and the Himalayas. They will look into craters in northern Asia and a partially solar powered plane, and they will show a normal human-unreachable view of Mt. Everest. The show is created by journalists who follow nation-wide education standards. 2. Which standards do they follow? The show's creators follow Common Core State Standards, national standards in various subject areas, and state standards. 3. How can you get your school on the CNN roll call?\\""",11079,66.48040346207563,166.65061315881033,0.08759124087591241,0.8005917072296143,5.492061555152759,59.139603168470785,0.005337991079381784,0,11080,0.0,0,0.0,0.0,0.0,0.0,0.0,0.0,0.0,0.0,0.0,0.0,0.0,0.0,0.0,0.0,0.0,0.0,0,742,14.931266846361186,0.08201241744647676,0.0,0.0,60.85321374528576,14.931266846361186,0.0,0.0,1.0,1.0,0.019296424984932004,0.019296424984932004,0.08201241744647676,0.09053627401590347,0.09341577291139402,11.092222266015597,9.92474122014246,12.04875509411795,12.14992495156941,231,0
4,"\\"" A high school principal, Sherman Padgett, was initially reluctant to participate in a student's prank but ended up being touched by the gesture. The student had asked him to stand in the hallway holding a bucket, and eventually, students streamed by, dropping notes of praise and thanks into the bucket. The experience became emotional for Padgett, who realized that it was moments like these that made his job worthwhile.\\""",11079,66.48040346207563,166.65061315881033,0.04444444444444444,0.8215394020080566,5.492061555152759,59.139603168470785,0.005337991079381784,0,11080,0.0,0,0.0,0.0,0.0,0.0,0.0,0.0,0.0,0.0,0.0,0.0,0.0,0.0,0.0,0.0,0.0,0.0,0,742,14.931266846361186,0.08201241744647676,0.0,0.0,60.85321374528576,14.931266846361186,0.0,0.0,1.0,1.0,0.019296424984932004,0.019296424984932004,0.08201241744647676,0.09053627401590347,0.09341577291139402,8.240500378073193,9.92474122014246,12.04875509411795,12.14992495156941,231,0
5,"\\"" Norman Lee, a 47 year old comic book artist for DC and Marvel, went missing on Thursday while snorkeling with his wife in the Cayman Islands. He was known for his work on comics such as ""Wolverine Annual,"" ""Supergirl,"" and ""Starman"". A recovery mission was conducted until Friday evening, but due to strong currents it is now unlikely that he will be found. 6 Norman Lee 1/8/16 Norman Lee, a comic book artist for DC and Marvel, was reported missing on Thursday after he failed to res\\""",11079,66.48040346207563,166.65061315881033,0.019801980198019802,0.8056169152259827,5.492061555152759,59.139603168470785,0.005337991079381784,0,11080,0.0,0,0.0,0.0,0.0,0.0,0.0,0.0,0.0,0.0,0.0,0.0,0.0,0.0,0.0,0.0,0.0,0.0,0,742,14.931266846361186,0.08201241744647676,0.0,0.0,60.85321374528576,14.931266846361186,0.0,0.0,1.0,1.0,0.019296424984932004,0.019296424984932004,0.08201241744647676,0.09053627401590347,0.09341577291139402,11.095057468046434,9.92474122014246,12.04875509411795,12.14992495156941,231,0
6,"\\"" CNN news on Monday March 9, 2015 marks the anniversary of Selma, a civil rights march to Alabama's Edmund Pettus Bridge. Also the disappearance of a Malaysia Airlines flight and the commemoration of International Women's Day. The latest U.S. unemployment report is a mixed bag as explained by CNN news.\\""",11079,66.48040346207563,166.65061315881033,0.05714285714285715,0.8199561238288879,5.492061555152759,59.139603168470785,0.005337991079381784,0,11080,0.0,0,0.0,0.0,0.0,0.0,0.0,0.0,0.0,0.0,0.0,0.0,0.0,0.0,0.0,0.0,0.0,0.0,0,742,14.931266846361186,0.08201241744647676,0.0,0.0,60.85321374528576,14.931266846361186,0.0,0.0,1.0,1.0,0.019296424984932004,0.019296424984932004,0.08201241744647676,0.09053627401590347,0.09341577291139402,6.558328619925305,9.92474122014246,12.04875509411795,12.14992495156941,231,0
7,"\\"" A sequel to the movie ""Independence Day"" is in the works, set to release in 2016- almost 20 years after the first film was released. The film will star Jessie Usher, Liam Hemsworth, and Jeff Goldblum, with Roland Emmerich returning as director. Jessie Usher will play a central character who will play a central character that central character, ""a central character Cad Callow the son of the son of the son of the son of the son of the son of the son of the son of the son of ""the son\\""",11079,66.48040346207563,166.65061315881033,0.07207207207207209,0.7917317748069763,5.492061555152759,59.139603168470785,0.005337991079381784,0,11080,0.0,0,0.0,0.0,0.0,0.0,0.0,0.0,0.0,0.0,0.0,0.0,0.0,0.0,0.0,0.0,0.0,0.0,0,742,14.931266846361186,0.08201241744647676,0.0,0.0,60.85321374528576,14.931266846361186,0.0,0.0,1.0,1.0,0.019296424984932004,0.019296424984932004,0.08201241744647676,0.09053627401590347,0.09341577291139402,11.097867873962969,9.92474122014246,12.04875509411795,12.14992495156941,231,0
8,"\\"" Walter Mondale was admitted to the Mayo Clinic for the flu, but was released on Saturday. Former President Jimmy Carter said he was doing well, and that Mondale was looking forward to going home. Before becoming Vice President under Carter, Mondale was a U.S. Senator from Minnesota and made history by choosing Geraldine Ferraro as his running mate. 4. Critical thinking question: What is the significance of Walter Mondale choosing Geraldine Ferraro as his running mate? Be sure to explain why this was a significant event in U.S. history.  The significance of Walter Mondale\\""",11079,66.48040346207563,166.65061315881033,0.08,0.8117015957832336,5.492061555152759,59.139603168470785,0.005337991079381784,0,11080,0.0,0,0.0,0.0,0.0,0.0,0.0,0.0,0.0,0.0,0.0,0.0,0.0,0.0,0.0,0.0,0.0,0.0,0,742,14.931266846361186,0.08201241744647676,0.0,0.0,60.85321374528576,14.931266846361186,0.0,0.0,1.0,1.0,0.019296424984932004,0.019296424984932004,0.08201241744647676,0.09053627401590347,0.09341577291139402,11.100716746062972,9.92474122014246,12.04875509411795,12.14992495156941,231,0
9,"\\"" japan police have arrested a 40 year old man accused of stabbing 5 of his neighbors to death in Sumoto City, Awaji Island. he has admitted to stabbing 3 women between the ages of 59 and 84, and two men aged 62 and 82. The victims lived within 100 meters of the suspects home. 1. Police in Japan have arrested a 40-year-old man accused of killing five of his neighbors in Sumoto City. 2. The suspect has admitted to stabbing three women\\""",11079,66.48040346207563,166.65061315881033,0.06611570247933884,0.8030887842178345,5.492061555152759,59.139603168470785,0.005337991079381784,0,11080,0.0,0,0.0,0.0,0.0,0.0,0.0,0.0,0.0,0.0,0.0,0.0,0.0,0.0,0.0,0.0,0.0,0.0,0,742,14.931266846361186,0.08201241744647676,0.0,0.0,60.85321374528576,14.931266846361186,0.0,0.0,1.0,1.0,0.019296424984932004,0.019296424984932004,0.08201241744647676,0.09053627401590347,0.09341577291139402,11.103553124004975,9.92474122014246,12.04875509411795,12.14992495156941,231,0
10,"\\"" A suicide attacker detonated a car bomb near a police vehicle in Helmand province, Afghanistan, killing 7 people and injuring 23 others, including children. The attack happened in the Bolan area of Lashkar Gah city, according to the province's deputy governor. The motive and identity of the attacker are currently unknown.\\""",11079,66.48040346207563,166.65061315881033,0.12844036697247704,0.8076081275939941,5.492061555152759,59.139603168470785,0.005337991079381784,0,11080,0.0,0,0.0,0.0,0.0,0.0,0.0,0.0,0.0,0.0,0.0,0.0,0.0,0.0,0.0,0.0,0.0,0.0,0,742,14.931266846361186,0.08201241744647676,0.0,0.0,60.85321374528576,14.931266846361186,0.0,0.0,1.0,1.0,0.019296424984932004,0.019296424984932004,0.08201241744647676,0.09053627401590347,0.09341577291139402,6.731234899023548,9.92474122014246,12.04875509411795,12.14992495156941,231,0
11,"\\"" A leader of the terrorist group Lashkar-e-Taiba, Zaki-ur-Rehman Lakhvi, was involved in the Mumbai attacks in 2008. He was not present in the court proceeding when the judge ordered his release, deeming his detention illegal. India's government expressed dissatisfaction with the decision, as they believe Lakhvi played a major role in the attacks that killed over 160 people, including many Indians. 2. In what ways do you think India's government will react to Lakhvi's release\\""",11079,66.48040346207563,166.65061315881033,0.1272727272727273,0.8304327726364136,5.492061555152759,59.139603168470785,0.005337991079381784,0,11080,0.0,0,0.0,0.0,0.0,0.0,0.0,0.0,0.0,0.0,0.0,0.0,0.0,0.0,0.0,0.0,0.0,0.0,0,742,14.931266846361186,0.08201241744647676,0.0,0.0,60.85321374528576,14.931266846361186,0.0,0.0,1.0,1.0,0.019296424984932004,0.019296424984932004,0.08201241744647676,0.09053627401590347,0.09341577291139402,11.106371742091142,9.92474122014246,12.04875509411795,12.14992495156941,231,0
12,"\\"" A recent concert goof Gagged-mbitiousedria Yee West fan of KanyeBecause of thel eBags seller on eBags jump in bag of plastic air gimmates, Ye has taken place on eBothespanicating the article on Friday a Yeezeuminary bags snears which funnythingseasperfectuallysewite a beginner sellers have been over fans have been flooded air sellerspoor airbayer sellers multipulessonsesaw Air Yee Baggedbuildings.ebay sellers's\\""",11079,66.48040346207563,166.65061315881033,0.06451612903225806,0.7821693420410156,5.492061555152759,59.139603168470785,0.005337991079381784,0,11080,0.0,0,0.0,0.0,0.0,0.0,0.0,0.0,0.0,0.0,0.0,0.0,0.0,0.0,0.0,0.0,0.0,0.0,0,742,14.931266846361186,0.08201241744647676,0.0,0.0,60.85321374528576,14.931266846361186,0.0,0.0,1.0,1.0,0.019296424984932004,0.019296424984932004,0.08201241744647676,0.09053627401590347,0.09341577291139402,11.109188035945408,9.92474122014246,12.04875509411795,12.14992495156941,231,0
13,"\\"" The flight crew of the Delta Airlines that skidded into a fence at LaGuardia Airport reported cited brake issues during the landing and said they did not sense any deceleration from the wheel brake upon landing, despite the auto brakes being set to ""max"" The aircraft sustained significant damage to the left wing, flight spoilers, the nose of the plane and the left wing fuel tank. The cause of the accident has not been determined.\\""",11079,66.48040346207563,166.65061315881033,0.12121212121212122,0.807677149772644,5.492061555152759,59.139603168470785,0.005337991079381784,0,11080,0.0,0,0.0,0.0,0.0,0.0,0.0,0.0,0.0,0.0,0.0,0.0,0.0,0.0,0.0,0.0,0.0,0.0,0,742,14.931266846361186,0.08201241744647676,0.0,0.0,60.85321374528576,14.931266846361186,0.0,0.0,1.0,1.0,0.019296424984932004,0.019296424984932004,0.08201241744647676,0.09053627401590347,0.09341577291139402,8.499981947010383,9.92474122014246,12.04875509411795,12.14992495156941,231,0
14,"\\"" More than 100 schools in Pakistan have been renamed to honor the children who were killed last year during a Taliban siege at the Army Public School in Peshawar. According to the provincial government, 107 local schools have been named after a student who was killed during the attack. The gesture is a way to remember the bravery of the students who lost their lives during the attack.\\""",11079,66.48040346207563,166.65061315881033,0.10752688172043011,0.8286532163619995,5.492061555152759,59.139603168470785,0.005337991079381784,0,11080,0.0,0,0.0,0.0,0.0,0.0,0.0,0.0,0.0,0.0,0.0,0.0,0.0,0.0,0.0,0.0,0.0,0.0,0,742,14.931266846361186,0.08201241744647676,0.0,0.0,60.85321374528576,14.931266846361186,0.0,0.0,1.0,1.0,0.019296424984932004,0.019296424984932004,0.08201241744647676,0.09053627401590347,0.09341577291139402,7.377096530981362,9.92474122014246,12.04875509411795,12.14992495156941,231,0
15,"\\"" The Salvation Army in South Africa is using ""the dress"" to raise awareness about domestic violence. An ad shows a model with bruises wearing a white and gold dress, captioned ""Why is it so hard to see black and blue?"", implying that people often ignore signs of domestic violence. The ad has received positive responses.\\""",11079,66.48040346207563,166.65061315881033,0.0,0.8036112785339355,5.492061555152759,59.139603168470785,0.005337991079381784,0,11080,0.0,0,0.0,0.0,0.0,0.0,0.0,0.0,0.0,0.0,0.0,0.0,0.0,0.0,0.0,0.0,0.0,0.0,0,742,14.931266846361186,0.08201241744647676,0.0,0.0,60.85321374528576,14.931266846361186,0.0,0.0,1.0,1.0,0.019296424984932004,0.019296424984932004,0.08201241744647676,0.09053627401590347,0.09341577291139402,6.103754208073951,9.92474122014246,12.04875509411795,12.14992495156941,231,0
16,"\\"" A ferry capsized in Myanmar, killing 21 people and leaving 21 others missing. Bad weather is believed to have caused the incident, which occurred near the city of the city of the city of Sittwe the city of the city of Myay Sitthe city of the city of Sitthe Myayeteespan the city of the city of Sittheath is founderinguoreignessmatianskyerslowingrewesshipřians sabShewsipalares near Soutingermostowningashore are believed to neighboringairsdeathreaghd\\""",11079,66.48040346207563,166.65061315881033,0.1111111111111111,0.8162890672683716,5.492061555152759,59.139603168470785,0.005337991079381784,0,11080,0.0,0,0.0,0.0,0.0,0.0,0.0,0.0,0.0,0.0,0.0,0.0,0.0,0.0,0.0,0.0,0.0,0.0,0,742,14.931266846361186,0.08201241744647676,0.0,0.0,60.85321374528576,14.931266846361186,0.0,0.0,1.0,1.0,0.019296424984932004,0.019296424984932004,0.08201241744647676,0.09053627401590347,0.09341577291139402,11.112001208937727,9.92474122014246,12.04875509411795,12.14992495156941,231,0
17,"\\"" Four civilians were killed and nine injured in China after Myanmar warplanes fighting rebels dropped a bomb on a sugarcane field, with China sending fighter jets to patrol the border and summoning Myanmar's ambassador to protest the incident. China has called on Myanmar to investigate and bring those responsible to justice, as Myanmar forces continue to battle ethnic separatist rebels in the border region. Stray gunfire from the fighting has previously damaged property on the Chinese side of the border, prompting China to warn Myanmar to ensure safety.\\""",11079,66.48040346207563,166.65061315881033,0.06666666666666667,0.8088164925575256,5.492061555152759,59.139603168470785,0.005337991079381784,0,11080,0.0,0,0.0,0.0,0.0,0.0,0.0,0.0,0.0,0.0,0.0,0.0,0.0,0.0,0.0,0.0,0.0,0.0,0,742,14.931266846361186,0.08201241744647676,0.0,0.0,60.85321374528576,14.931266846361186,0.0,0.0,1.0,1.0,0.019296424984932004,0.019296424984932004,0.08201241744647676,0.09053627401590347,0.09341577291139402,11.56262477999553,9.92474122014246,12.04875509411795,12.14992495156941,231,0
18,"\\"" Nowsch Jr. faces charges for shooting and killing Tammy Meyers in front of her home, and charges of attempted murder for shooting her son Brandon who returned fire. Police say that Nowsch's defense will be self-defense, although his lawyer has not fully gone into much evidence supported this been able to spoken onf revealed the released many details about the family's XML spokes about the same the full say that the family has said that said that the family'arm selasserts's. The driver of the Meyers has said that there is claimingtonedersonicallyiancellessentially took place\\""",11079,66.48040346207563,166.65061315881033,0.017391304347826087,0.7888340950012207,5.492061555152759,59.139603168470785,0.005337991079381784,0,11080,0.0,0,0.0,0.0,0.0,0.0,0.0,0.0,0.0,0.0,0.0,0.0,0.0,0.0,0.0,0.0,0.0,0.0,0,742,14.931266846361186,0.08201241744647676,0.0,0.0,60.85321374528576,14.931266846361186,0.0,0.0,1.0,1.0,0.019296424984932004,0.019296424984932004,0.08201241744647676,0.09053627401590347,0.09341577291139402,11.562374885077588,9.92474122014246,12.04875509411795,12.14992495156941,231,0
19,"\\"" A medical helicopter crashed in Eufaula Oklahoma, killing three people. The EagleMed LLC helicopter was headed from Tulsa to McAlester when it crashed west of Lake Eufaula. The crash is currently under investigation by the FAA. 3
A medical helicopter crashed in Eufaula, Oklahoma, killing three people. The helicopter, which was operated by EagleMed LLC, was headed from Tulsa to McAlester when it went down west of Lake Eufaula, near the Canadian River. The Federal Aviation\\""",11079,66.48040346207563,166.65061315881033,0.11009174311926608,0.8009262681007385,5.492061555152759,59.139603168470785,0.005337991079381784,0,11080,0.0,0,0.0,0.0,0.0,0.0,0.0,0.0,0.0,0.0,0.0,0.0,0.0,0.0,0.0,0.0,0.0,0.0,0,742,14.931266846361186,0.08201241744647676,0.0,0.0,60.85321374528576,14.931266846361186,0.0,0.0,1.0,1.0,0.019296424984932004,0.019296424984932004,0.08201241744647676,0.09053627401590347,0.09341577291139402,11.568995353998616,9.92474122014246,12.04875509411795,12.14992495156941,231,0
20,"\\"" The Star Wars universe is introducing its first gay character, Moff Mors, an Imperial official, in the upcoming novel ""Lords of the Sith."" The character is described as being capable but flawed, and is the first LGBTQ+ representation in the official Star Wars universe. This inclusion is significant for the representation of diverse identities in popular media and is a positive step forward for the franchise.\\""",11079,66.48040346207563,166.65061315881033,0.06741573033707865,0.8203164339065552,5.492061555152759,59.139603168470785,0.005337991079381784,0,11080,0.0,0,0.0,0.0,0.0,0.0,0.0,0.0,0.0,0.0,0.0,0.0,0.0,0.0,0.0,0.0,0.0,0.0,0,742,14.931266846361186,0.08201241744647676,0.0,0.0,60.85321374528576,14.931266846361186,0.0,0.0,1.0,1.0,0.019296424984932004,0.019296424984932004,0.08201241744647676,0.09053627401590347,0.09341577291139402,7.9825887070037425,9.92474122014246,12.04875509411795,12.14992495156941,231,0
21,"\\"". Pope Francis has announced that he plans his papacy to be brief, guessing it will last four to five years, and expressed his admiration for having a wise grandfather at home, referring to seek advice available in Pope Emerit seems like Benedictator, referring to seek advice when he can call on handy at home, referring to give advice on the Pope Emerit to seek guidance. Pope Francis admittinguohso he could seek advice and having Pope Benedictagor i. Pope Emeritigstires onflexibility of Benedictor two years old age limiting to be Francis hadnamedion 2urs\\""",11079,66.48040346207563,166.65061315881033,0.03571428571428571,0.7838621735572815,5.492061555152759,59.139603168470785,0.005337991079381784,0,11080,0.0,0,0.0,0.0,0.0,0.0,0.0,0.0,0.0,0.0,0.0,0.0,0.0,0.0,0.0,0.0,0.0,0.0,0,742,14.931266846361186,0.08201241744647676,0.0,0.0,60.85321374528576,14.931266846361186,0.0,0.0,1.0,1.0,0.019296424984932004,0.019296424984932004,0.08201241744647676,0.09053627401590347,0.09341577291139402,11.6871282979846,9.92474122014246,12.04875509411795,12.14992495156941,231,0
22,"\\"" Actor Ashton Kutcher recently posted on Facebook about the lack of diaper changing tables in public men's restrooms, causing a stir among parents who share their experiences and offer suggestions. Some praised Kutcher for highlighting the issue and advocating for gender equality, while some fathers said they didn't have problems finding changing tables in down-to-earth establishments. Kutcher's post has sparked conversation among parents about the challenges of raising children, children, children and caring children and caring young children and caring a family-children and caringare faced by\\""",11079,66.48040346207563,166.65061315881033,0.06837606837606838,0.8218265175819397,5.492061555152759,59.139603168470785,0.005337991079381784,0,11080,0.0,0,0.0,0.0,0.0,0.0,0.0,0.0,0.0,0.0,0.0,0.0,0.0,0.0,0.0,0.0,0.0,0.0,0,742,14.931266846361186,0.08201241744647676,0.0,0.0,60.85321374528576,14.931266846361186,0.0,0.0,1.0,1.0,0.019296424984932004,0.019296424984932004,0.08201241744647676,0.09053627401590347,0.09341577291139402,11.67244798806496,9.92474122014246,12.04875509411795,12.14992495156941,231,0
23,"\\"" After being off limits for over a decade, the Caminito del Rey in Spain will reopen on March 26 following a massive reconstruction project. The trail, which features a cliff face boardwalk suspended 100 meters above the Guadalhorce River, had been closed due to deterioration and fatal accidents. The reopening coincides with Spain's annual Holy Week celebrations.\\""",11079,66.48040346207563,166.65061315881033,0.17582417582417584,0.868943989276886,5.492061555152759,59.139603168470785,0.005337991079381784,0,11080,0.0,0,0.0,0.0,0.0,0.0,0.0,0.0,0.0,0.0,0.0,0.0,0.0,0.0,0.0,0.0,0.0,0.0,0,742,14.931266846361186,0.08201241744647676,0.0,0.0,60.85321374528576,14.931266846361186,0.0,0.0,1.0,1.0,0.019296424984932004,0.019296424984932004,0.08201241744647676,0.09053627401590347,0.09341577291139402,7.867687104968354,9.92474122014246,12.04875509411795,12.14992495156941,231,0
24,"\\"" Sixteen Indonesian citizens were detained in Turkey for planning to cross the border into Syria, according to the Indonesian foreign ministry. The group consists of a man, four women, three girls, and eight boys, and they confessed their plans to officials. The Indonesian government is sending a security team to Turkey to investigate the group's intentions and to increase cooperation with Turkish security officials.\\""",11079,66.48040346207563,166.65061315881033,0.07547169811320756,0.8176565766334534,5.492061555152759,59.139603168470785,0.005337991079381784,0,11080,0.0,0,0.0,0.0,0.0,0.0,0.0,0.0,0.0,0.0,0.0,0.0,0.0,0.0,0.0,0.0,0.0,0.0,0,742,14.931266846361186,0.08201241744647676,0.0,0.0,60.85321374528576,14.931266846361186,0.0,0.0,1.0,1.0,0.019296424984932004,0.019296424984932004,0.08201241744647676,0.09053627401590347,0.09341577291139402,7.375257870997302,9.92474122014246,12.04875509411795,12.14992495156941,231,0
25,"\\"" Harper Lee, author of ""To Kill a Mockingbird"", is set to publish a new book titled ""Go Set a Watchman"". There have been concerns about Lee's ability to consent to the book's publication due to her advanced age and forgetfulness, but Alabama officials who investigated the matter have determined that she is aware of the book is aware of what is aware of the book is what's of what is what is want her situation and consenting what'tebrought and willing and consenting-of what's to publish the details and wants her wishes to publish the book contractnegotiary\\""",11079,66.48040346207563,166.65061315881033,0.013986013986013986,0.7663990259170532,5.492061555152759,59.139603168470785,0.005337991079381784,0,11080,0.0,0,0.0,0.0,0.0,0.0,0.0,0.0,0.0,0.0,0.0,0.0,0.0,0.0,0.0,0.0,0.0,0.0,0,742,14.931266846361186,0.08201241744647676,0.0,0.0,60.85321374528576,14.931266846361186,0.0,0.0,1.0,1.0,0.019296424984932004,0.019296424984932004,0.08201241744647676,0.09053627401590347,0.09341577291139402,11.379379072925076,9.92474122014246,12.04875509411795,12.14992495156941,231,0
26,"\\"" A Navy sailor was photographed holding his baby, who was wrapped in an American flag, and the picture went viral due to controversy around whether it was a patriotic image or a desecration of the flag. Photographer Vanessa Hicks, a Navy veteran, took the picture and posted it and defended uprobothtooze image and posted it and posted the picture and defended up the picture and defendedian posted the photo and posted the photo and supports the photo and stands by using her posted the image and stood by soldiers or service member of babsolarmselwack\\""",11079,66.48040346207563,166.65061315881033,0.09022556390977444,0.7890412211418152,5.492061555152759,59.139603168470785,0.005337991079381784,0,11080,0.0,0,0.0,0.0,0.0,0.0,0.0,0.0,0.0,0.0,0.0,0.0,0.0,0.0,0.0,0.0,0.0,0.0,0,742,14.931266846361186,0.08201241744647676,0.0,0.0,60.85321374528576,14.931266846361186,0.0,0.0,1.0,1.0,0.019296424984932004,0.019296424984932004,0.08201241744647676,0.09053627401590347,0.09341577291139402,11.38292411097791,9.92474122014246,12.04875509411795,12.14992495156941,231,0
27,"\\"" Arsenal defeated Manchester United 2-1 in the FA Cup quarterfinals with Danny Welbeck, a former United player, scoring the winning goal for Arsenal. Angel Di Maria was given Di Maria was given Di Maria was given was given red card Maria was given, a Maria was given, Di Maria was given a red card Maria was given a red card was given a red card was shown red card came from United player received a red card Arsenairing offtregetare-bybackelletorches paper plane a goalkeeper custodicateveller Josef Di Maria had a rare defeat at Old\\""",11079,66.48040346207563,166.65061315881033,0.044117647058823525,0.7775927782058716,5.492061555152759,59.139603168470785,0.005337991079381784,0,11080,0.0,0,0.0,0.0,0.0,0.0,0.0,0.0,0.0,0.0,0.0,0.0,0.0,0.0,0.0,0.0,0.0,0.0,0,742,14.931266846361186,0.08201241744647676,0.0,0.0,60.85321374528576,14.931266846361186,0.0,0.0,1.0,1.0,0.019296424984932004,0.019296424984932004,0.08201241744647676,0.09053627401590347,0.09341577291139402,11.38644715596456,9.92474122014246,12.04875509411795,12.14992495156941,231,0
28,"\\"" Maurizio Cattelan, an Italian sculptorian sculptor Unitalian artist known for those sculptor stoletor artist, created a sculptor the sculptor Sculpt sculptorophiniyok Scullobeebuselorial sculptorelleg calling him has sculptoriancarian Vattor itiglliebeathownities an sculptorianesslifertreneathorianicalianicalnicianonleton..readon black graniteau with work has created a numbering -presentation of times of the displays his granitez England football ballgatiallery owner.
\\""",11079,66.48040346207563,166.65061315881033,0.04597701149425288,0.753110408782959,5.492061555152759,59.139603168470785,0.005337991079381784,0,11080,0.0,0,0.0,0.0,0.0,0.0,0.0,0.0,0.0,0.0,0.0,0.0,0.0,0.0,0.0,0.0,0.0,0.0,0,742,14.931266846361186,0.08201241744647676,0.0,0.0,60.85321374528576,14.931266846361186,0.0,0.0,1.0,1.0,0.019296424984932004,0.019296424984932004,0.08201241744647676,0.09053627401590347,0.09341577291139402,11.389964462025091,9.92474122014246,12.04875509411795,12.14992495156941,231,0
29,"\\"" On April 18, 18 the 18, 18 18, 18thursday 1—1äter, 1emetery 1Amongkyerbeck 1ksicketsentereigncectones: presenterskytectoringits there wills. Paul McCarteseveresystems with honorsmberging-keeper of Fame on April rayingdroneveliarmsmgears, Paul McCartheaofelight!ellorfrontman Paul McCarticketychessectorialsisminsightso forthcoming upcoming\\""",11079,66.48040346207563,166.65061315881033,0.03508771929824561,0.7523642182350159,5.492061555152759,59.139603168470785,0.005337991079381784,0,11080,0.0,0,0.0,0.0,0.0,0.0,0.0,0.0,0.0,0.0,0.0,0.0,0.0,0.0,0.0,0.0,0.0,0.0,0,742,14.931266846361186,0.08201241744647676,0.0,0.0,60.85321374528576,14.931266846361186,0.0,0.0,1.0,1.0,0.019296424984932004,0.019296424984932004,0.08201241744647676,0.09053627401590347,0.09341577291139402,11.393485534004867,9.92474122014246,12.04875509411795,12.14992495156941,231,0
30,"\\"" Marion Bartoli, a former Wimbledon champion, announced her retirement from tennis in 2013 due to injury. Now, she is considering a comeback to the sport, joining other women who have also come out of retirement. However, Jimmy Connors advises her to only return if she is fully committed. 2. In which year did Marion Bartoli win the Wimbledon championship? b. 2013 c. 2012 d. 2007 Answer: b. 2013 3. According to the article\\""",11079,66.48040346207563,166.65061315881033,0.04081632653061224,0.8210236430168152,5.492061555152759,59.139603168470785,0.005337991079381784,0,11080,0.0,0,0.0,0.0,0.0,0.0,0.0,0.0,0.0,0.0,0.0,0.0,0.0,0.0,0.0,0.0,0.0,0.0,0,742,14.931266846361186,0.08201241744647676,0.0,0.0,60.85321374528576,14.931266846361186,0.0,0.0,1.0,1.0,0.019296424984932004,0.019296424984932004,0.08201241744647676,0.09053627401590347,0.09341577291139402,11.396415260969661,9.92474122014246,12.04875509411795,12.14992495156941,231,0
31,"\\"" Liza Minnelli has entered rehab for substance abuse, specifically for struggles with alcohol and painkillers. She has dealt with addiction in the past, and at 68 is seeking treatment again. Her publicist says she's making great progress. 1. Liza Minnelli has recently checked into rehab to address long-time struggles with substance abuse. 2. Her publicist states that the star is making ""excellent progress"" at the undisclosed treatment facility. 3. Liza Minnelli, Academy-Award winning actress, has been open\\""",11079,66.48040346207563,166.65061315881033,0.08247422680412371,0.8121306896209717,5.492061555152759,59.139603168470785,0.005337991079381784,0,11080,0.0,0,0.0,0.0,0.0,0.0,0.0,0.0,0.0,0.0,0.0,0.0,0.0,0.0,0.0,0.0,0.0,0.0,0,742,14.931266846361186,0.08201241744647676,0.0,0.0,60.85321374528576,14.931266846361186,0.0,0.0,1.0,1.0,0.019296424984932004,0.019296424984932004,0.08201241744647676,0.09053627401590347,0.09341577291139402,11.399296817951836,9.92474122014246,12.04875509411795,12.14992495156941,231,0
32,"\\"" The comic book world has recently seen a lot of changes including three major characters, Superman, Wonder Woman, and Archie Andrews all getting new looks and costumes. Superman and Wonder Woman have had different styles throughout their comic book history but these new looks are particularly different. Superman now wears a casual t-shirt and jeans and has shorter hair while Wonder Woman is wearing pants with a turtleneck and body armor. 8.21.2015-10:34 AM 3 sentences\\""",11079,66.48040346207563,166.65061315881033,0.07339449541284404,0.8132486343383789,5.492061555152759,59.139603168470785,0.005337991079381784,0,11080,0.0,0,0.0,0.0,0.0,0.0,0.0,0.0,0.0,0.0,0.0,0.0,0.0,0.0,0.0,0.0,0.0,0.0,0,742,14.931266846361186,0.08201241744647676,0.0,0.0,60.85321374528576,14.931266846361186,0.0,0.0,1.0,1.0,0.019296424984932004,0.019296424984932004,0.08201241744647676,0.09053627401590347,0.09341577291139402,10.572991771972738,9.92474122014246,12.04875509411795,12.14992495156941,231,0
33,"\\"" HBO will release a documentary about Kurt Cobain titled ""Montage of Heck"" which premiered at the Sundance festival. This film will show unreleased songs from the musical legend along with personal home videos and artwork. The new track that will be released is being called a 12-minute acoustic song that is said to be mind-blowing. 2/25/15 2:39 PM\\""",11079,66.48040346207563,166.65061315881033,0.06382978723404256,0.8103048205375671,5.492061555152759,59.139603168470785,0.005337991079381784,0,11080,0.0,0,0.0,0.0,0.0,0.0,0.0,0.0,0.0,0.0,0.0,0.0,0.0,0.0,0.0,0.0,0.0,0.0,0,742,14.931266846361186,0.08201241744647676,0.0,0.0,60.85321374528576,14.931266846361186,0.0,0.0,1.0,1.0,0.019296424984932004,0.019296424984932004,0.08201241744647676,0.09053627401590347,0.09341577291139402,8.935855810996145,9.92474122014246,12.04875509411795,12.14992495156941,231,0
34,"\\"" John Kerry states that the P5+1 group is ""deeply committed"" to ensuring that Iran does not acquire nuclear weapons. He notes that while progress has been made in talks, there remain differences that must be addressed prior to a deal being reached. Kerry emphasizes that it's imperative to get the right deal, rather than rushing into an agreement. 3. What are some of the challenges faced by the P5+1 group in negotiations with Iran, according to Kerry? Answer: According to Kerry, one of the challenges faced by the P5+1 group\\""",11079,66.48040346207563,166.65061315881033,0.03636363636363636,0.7994890809059143,5.492061555152759,59.139603168470785,0.005337991079381784,0,11080,0.0,0,0.0,0.0,0.0,0.0,0.0,0.0,0.0,0.0,0.0,0.0,0.0,0.0,0.0,0.0,0.0,0.0,0,742,14.931266846361186,0.08201241744647676,0.0,0.0,60.85321374528576,14.931266846361186,0.0,0.0,1.0,1.0,0.019296424984932004,0.019296424984932004,0.08201241744647676,0.09053627401590347,0.09341577291139402,11.909396128030494,9.92474122014246,12.04875509411795,12.14992495156941,231,0
35,"\\"" At Milan Fashion Week, Dolce & Gabbana's collection was inspired by mothers and family, with feminine dresses and skirts adorned with roses, lace, and embroidered phrases like ""I love you, mamma."" Models carried their own children down the runway, and the audience - including celebrities - couldn't help but smile and applaud. The collection's theme was a departure from the brand's usual edgy, provocative style, and instead celebrated the beauty of family and motherhood.\\""",11079,66.48040346207563,166.65061315881033,0.05660377358490566,0.8188838362693787,5.492061555152759,59.139603168470785,0.005337991079381784,0,11080,0.0,0,0.0,0.0,0.0,0.0,0.0,0.0,0.0,0.0,0.0,0.0,0.0,0.0,0.0,0.0,0.0,0.0,0,742,14.931266846361186,0.08201241744647676,0.0,0.0,60.85321374528576,14.931266846361186,0.0,0.0,1.0,1.0,0.019296424984932004,0.019296424984932004,0.08201241744647676,0.09053627401590347,0.09341577291139402,11.186593977967277,9.92474122014246,12.04875509411795,12.14992495156941,231,0
36,"\\""  Two men in China have been imprisoned for selling military intelligence, including photographs of China's first aircraft carrier, to foreign spying to foreign spies to foreign spying to foreign spying to foreign spying to foreign spotted to foreign spotted foreign spotted to foreign spotted to foreign spotted to foreign spying foreign spanning to foreign agents ,to foreign spy, to foreign spotted in exchange for foreign spotted in the Lia pilotestimagents took hundreds of China's. One managers were arrested for foreign spying photos of China'augen陳assertinghoc\\""",11079,66.48040346207563,166.65061315881033,0.07272727272727272,0.7922247052192688,5.492061555152759,59.139603168470785,0.005337991079381784,0,11080,0.0,0,0.0,0.0,0.0,0.0,0.0,0.0,0.0,0.0,0.0,0.0,0.0,0.0,0.0,0.0,0.0,0.0,0,742,14.931266846361186,0.08201241744647676,0.0,0.0,60.85321374528576,14.931266846361186,0.0,0.0,1.0,1.0,0.019296424984932004,0.019296424984932004,0.08201241744647676,0.09053627401590347,0.09341577291139402,11.890252775046974,9.92474122014246,12.04875509411795,12.14992495156941,231,0
37,"\\""\\""",11079,66.48040346207563,166.65061315881033,0.0,0.7698278427124023,5.492061555152759,59.139603168470785,0.005337991079381784,0,11080,0.0,0,0.0,0.0,0.0,0.0,0.0,0.0,0.0,0.0,0.0,0.0,0.0,0.0,0.0,0.0,0.0,0.0,0,742,14.931266846361186,0.08201241744647676,0.0,0.0,60.85321374528576,14.931266846361186,0.0,0.0,1.0,1.0,0.019296424984932004,0.019296424984932004,0.08201241744647676,0.09053627401590347,0.09341577291139402,0.0,9.92474122014246,12.04875509411795,12.14992495156941,231,0
38,"\\"" During a recent Paris Fashion Week, Ben Stiller and Owen Wilson reprised their roles as Zoolander and Hansel, respectively, as they strutted down the runway at the Valentino show. This appearance was part of their promotion for the upcoming sequel, Zoolander 2, which is set for release in February 2016. The two actors looked dashing as they modeled Valentino trench coats and pajamas, sending audience members into a frenzy.\\""",11079,66.48040346207563,166.65061315881033,0.11235955056179776,0.838518500328064,5.492061555152759,59.139603168470785,0.005337991079381784,0,11080,0.0,0,0.0,0.0,0.0,0.0,0.0,0.0,0.0,0.0,0.0,0.0,0.0,0.0,0.0,0.0,0.0,0.0,0,742,14.931266846361186,0.08201241744647676,0.0,0.0,60.85321374528576,14.931266846361186,0.0,0.0,1.0,1.0,0.019296424984932004,0.019296424984932004,0.08201241744647676,0.09053627401590347,0.09341577291139402,9.873452867963351,9.92474122014246,12.04875509411795,12.14992495156941,231,0
39,"\\"" A Palestinian man from East Jerusalem was identified as the suspect who intentionally ran over a group of people with his car, injuring four Israeli border police officers and one civilian. The attack is being treated as a terrorist incident, according to police. Hamas has applauded the attack, calling it a natural response to Israeli crimes.

itroduction: A Palestinian man was arrested after he drove his car into a group of people, including four Israeli border police officers, at a Jerusalem traffic stop. The police have classified the incident as a terrorist attack, and Hamas\\""",11079,66.48040346207563,166.65061315881033,0.08547008547008547,0.8123490810394287,5.492061555152759,59.139603168470785,0.005337991079381784,0,11080,0.0,0,0.0,0.0,0.0,0.0,0.0,0.0,0.0,0.0,0.0,0.0,0.0,0.0,0.0,0.0,0.0,0.0,0,742,14.931266846361186,0.08201241744647676,0.0,0.0,60.85321374528576,14.931266846361186,0.0,0.0,1.0,1.0,0.019296424984932004,0.019296424984932004,0.08201241744647676,0.09053627401590347,0.09341577291139402,11.958129375940189,9.92474122014246,12.04875509411795,12.14992495156941,231,0
40,"\\"" The National Gallery in London has banned the use of selfie sticks inside the museum due to concerns that they invade other people's personal space, knock people around, or damage artwork. This ban follows similar decisions by other museums such as the Smithsonian and MoMA in New York. Mar Dixon, who created #MuseumSelfie Day, supports the ban, citing concerns for personal space and potential damage to art, but still encourages taking selfies outside and at other attractions.\\""",11079,66.48040346207563,166.65061315881033,0.06382978723404256,0.8189610838890076,5.492061555152759,59.139603168470785,0.005337991079381784,0,11080,0.0,0,0.0,0.0,0.0,0.0,0.0,0.0,0.0,0.0,0.0,0.0,0.0,0.0,0.0,0.0,0.0,0.0,0,742,14.931266846361186,0.08201241744647676,0.0,0.0,60.85321374528576,14.931266846361186,0.0,0.0,1.0,1.0,0.019296424984932004,0.019296424984932004,0.08201241744647676,0.09053627401590347,0.09341577291139402,10.020670836907811,9.92474122014246,12.04875509411795,12.14992495156941,231,0
41,"\\""  The article argues that the Republican-controlled Congress has failed to govern effectively and has put the country at risk by threatening to shut down the Department of Homeland Security (DHS) in order to score political points with their base. The author suggests that this dysfunctional governing style has become a pattern with the Republican Party, which is more interested in serving special interests and catering to extreme wing than working for the middle class. The author, working for the middle-working for the middle class. The article working for the middle class=wing the middle class=wing down working for the middle class versus\\""",11079,66.48040346207563,166.65061315881033,0.04651162790697674,0.8033937215805054,5.492061555152759,59.139603168470785,0.005337991079381784,0,11080,0.0,0,0.0,0.0,0.0,0.0,0.0,0.0,0.0,0.0,0.0,0.0,0.0,0.0,0.0,0.0,0.0,0.0,0,742,14.931266846361186,0.08201241744647676,0.0,0.0,60.85321374528576,14.931266846361186,0.0,0.0,1.0,1.0,0.019296424984932004,0.019296424984932004,0.08201241744647676,0.09053627401590347,0.09341577291139402,11.909769559977576,9.92474122014246,12.04875509411795,12.14992495156941,231,0
42,"\\"" U.S. troops' numbers will remain in Afghanistan through the end of the year; Israel calls accusations of spying on U.S. PotUS:Iran ""baseless"" and a passenger plane crashes in the French Alps, killing 150, 3 Americans. CNN also highlights a man who encourages good eye care for kids in today's society. 

Youtube video about the Plane Crash in the French Alps. Summary: A German airbus A320 carrying 150 passengers, including three Americans, has crashed in the French\\""",11079,66.48040346207563,166.65061315881033,0.056074766355140186,0.815147340297699,5.492061555152759,59.139603168470785,0.005337991079381784,0,11080,0.0,0,0.0,0.0,0.0,0.0,0.0,0.0,0.0,0.0,0.0,0.0,0.0,0.0,0.0,0.0,0.0,0.0,0,742,14.931266846361186,0.08201241744647676,0.0,0.0,60.85321374528576,14.931266846361186,0.0,0.0,1.0,1.0,0.019296424984932004,0.019296424984932004,0.08201241744647676,0.09053627401590347,0.09341577291139402,12.04844021901954,9.92474122014246,12.04875509411795,12.14992495156941,231,0
43,"\\"" Chuck Norris is celebrating his 75th birthday on March 10th. However, the calendar only turns 39 because, as the joke goes, Chuck Norris can beat anything, including time. Chuck Norris is known for his tough-guy persona and has been the subject of numerous jokes and memes. 

Question: What is the joke about Chuck Norris and a street named after him? The joke is that nobody crosses Chuck Norris and lives, so a street named after him would be unused and pointless. This\\""",11079,66.48040346207563,166.65061315881033,0.018691588785046728,0.8177005052566528,5.492061555152759,59.139603168470785,0.005337991079381784,0,11080,0.0,0,0.0,0.0,0.0,0.0,0.0,0.0,0.0,0.0,0.0,0.0,0.0,0.0,0.0,0.0,0.0,0.0,0,742,14.931266846361186,0.08201241744647676,0.0,0.0,60.85321374528576,14.931266846361186,0.0,0.0,1.0,1.0,0.019296424984932004,0.019296424984932004,0.08201241744647676,0.09053627401590347,0.09341577291139402,11.810546741005965,9.92474122014246,12.04875509411795,12.14992495156941,231,0
44,"\\"" Pi Day celebrates the ratio of a circle’s circumference to its circumference to itu0 circumference to its circumference to its circumference to its circumference to its circumference to its circumference to its diameter to its diameter to its diameter to its diameter to its diameter to its circumferenceon side diameter to its diameter to its circumference to its circumference of circumference of a circle to its irrigeometricheckingjjiblicipday, by using the  The celebrating stretatedayeared on March 2sday,vat today is taking place value is toast the ratio to\\""",11079,66.48040346207563,166.65061315881033,0.05454545454545454,0.7612701654434204,5.492061555152759,59.139603168470785,0.005337991079381784,0,11080,0.0,0,0.0,0.0,0.0,0.0,0.0,0.0,0.0,0.0,0.0,0.0,0.0,0.0,0.0,0.0,0.0,0.0,0,742,14.931266846361186,0.08201241744647676,0.0,0.0,60.85321374528576,14.931266846361186,0.0,0.0,1.0,1.0,0.019296424984932004,0.019296424984932004,0.08201241744647676,0.09053627401590347,0.09341577291139402,11.813439205987379,9.92474122014246,12.04875509411795,12.14992495156941,231,0
45,"\\"" Tom Hanks stars in Carly Rae Jepsen's music video for ""I Really Like You"" as himself, lip-syncing and dancing to the song. Hanks' appearance in the video is due to his friendship with Scooter Braun, Jepsen's manager, and his willingness to play the role after Jepsen suggested it would be funny for a man to lip-sync her song. The result is a fun and entertaining video that features Hanks and Jepsen taking part in a flash mob.

Narrative: Tom Hanks, the beloved\\""",11079,66.48040346207563,166.65061315881033,0.07407407407407407,0.8169902563095093,5.492061555152759,59.139603168470785,0.005337991079381784,0,11080,0.0,0,0.0,0.0,0.0,0.0,0.0,0.0,0.0,0.0,0.0,0.0,0.0,0.0,0.0,0.0,0.0,0.0,0,742,14.931266846361186,0.08201241744647676,0.0,0.0,60.85321374528576,14.931266846361186,0.0,0.0,1.0,1.0,0.019296424984932004,0.019296424984932004,0.08201241744647676,0.09053627401590347,0.09341577291139402,11.81636483897455,9.92474122014246,12.04875509411795,12.14992495156941,231,0
46,"\\"" Singer-songwriter David Crosby struck a jogger with his car in California, causing multiple fractures but not life-threatening injuries. Crosby was cooperative with authorities and did not appear to be impaired or intoxicated. The jogger was on the same side of the road as Crosby and was not following proper pedestrian procedures.\\""",11079,66.48040346207563,166.65061315881033,0.08695652173913043,0.808769941329956,5.492061555152759,59.139603168470785,0.005337991079381784,0,11080,0.0,0,0.0,0.0,0.0,0.0,0.0,0.0,0.0,0.0,0.0,0.0,0.0,0.0,0.0,0.0,0.0,0.0,0,742,14.931266846361186,0.08201241744647676,0.0,0.0,60.85321374528576,14.931266846361186,0.0,0.0,1.0,1.0,0.019296424984932004,0.019296424984932004,0.08201241744647676,0.09053627401590347,0.09341577291139402,7.559002591995522,9.92474122014246,12.04875509411795,12.14992495156941,231,0
47,"\\"" With the help of coalition forces, Iraq has begun airstrikes in Tikrit in an effort to retake the city from ISIS control. Prime Minister Haider al-Abadi requested support from the coalition, which will provide airstrikes, intelligence, and advisers. Tikrit, once controlled by former dictator Saddam Hussein, has been under ISIS control since June and retaking the city may pave the way to recapturing Mosul.\\""",11079,66.48040346207563,166.65061315881033,0.06741573033707865,0.8165051937103271,5.492061555152759,59.139603168470785,0.005337991079381784,0,11080,0.0,0,0.0,0.0,0.0,0.0,0.0,0.0,0.0,0.0,0.0,0.0,0.0,0.0,0.0,0.0,0.0,0.0,0,742,14.931266846361186,0.08201241744647676,0.0,0.0,60.85321374528576,14.931266846361186,0.0,0.0,1.0,1.0,0.019296424984932004,0.019296424984932004,0.08201241744647676,0.09053627401590347,0.09341577291139402,9.62594334804453,9.92474122014246,12.04875509411795,12.14992495156941,231,0
48,"\\"" In 2013, Darren Sharper, a former NFL player and analyst, was arrested for drugging and raping multiple women in Arizona and California. After being indicted in Arizona, he was sentenced to nine years in prison and lifetime parole after pleading guilty to one count of sexual assault and one count of attempted sexual assault. Sharper will receive credit for 300 days served in California and still faces federal charges in Louisiana.\\""",11079,66.48040346207563,166.65061315881033,0.07920792079207921,0.8066456913948059,5.492061555152759,59.139603168470785,0.005337991079381784,0,11080,0.0,0,0.0,0.0,0.0,0.0,0.0,0.0,0.0,0.0,0.0,0.0,0.0,0.0,0.0,0.0,0.0,0.0,0,742,14.931266846361186,0.08201241744647676,0.0,0.0,60.85321374528576,14.931266846361186,0.0,0.0,1.0,1.0,0.019296424984932004,0.019296424984932004,0.08201241744647676,0.09053627401590347,0.09341577291139402,9.129118395037949,9.92474122014246,12.04875509411795,12.14992495156941,231,0
49,"\\"" On Thursday, National Institutes of Health announced that they will admit an American health care worker with Ebola to their Maryland hospital. This worker was volunteering in Sierra Leone and will be flown to the U.S. on a chartered flight. This will be the second patient with Ebola admitted to the NIH hospital; the first, Nina Pham, recovered and was released.\\""",11079,66.48040346207563,166.65061315881033,0.1176470588235294,0.8131051063537598,5.492061555152759,59.139603168470785,0.005337991079381784,0,11080,0.0,0,0.0,0.0,0.0,0.0,0.0,0.0,0.0,0.0,0.0,0.0,0.0,0.0,0.0,0.0,0.0,0.0,0,742,14.931266846361186,0.08201241744647676,0.0,0.0,60.85321374528576,14.931266846361186,0.0,0.0,1.0,1.0,0.019296424984932004,0.019296424984932004,0.08201241744647676,0.09053627401590347,0.09341577291139402,7.881423239945434,9.92474122014246,12.04875509411795,12.14992495156941,231,0
50,"\\"" Jeremy Clarkson, host of BBC's Top Gear, has been suspended after a physical altercation with a producer. This is not the first time Clarkson has been involved in controversy, having previously used a racist term during a nurser <>which was well as well as well as well as well reciting a during a taping during a nurseri during a min a children' had been involved in a year after a ro created international incitingsimult dread a reference to apologized minds you as well as hostileague)
clkarked founder of the forefrontedrewones. Clarkson\\""",11079,66.48040346207563,166.65061315881033,0.06611570247933884,0.7983624339103699,5.492061555152759,59.139603168470785,0.005337991079381784,0,11080,0.0,0,0.0,0.0,0.0,0.0,0.0,0.0,0.0,0.0,0.0,0.0,0.0,0.0,0.0,0.0,0.0,0.0,0,742,14.931266846361186,0.08201241744647676,0.0,0.0,60.85321374528576,14.931266846361186,0.0,0.0,1.0,1.0,0.019296424984932004,0.019296424984932004,0.08201241744647676,0.09053627401590347,0.09341577291139402,11.90852931397967,9.92474122014246,12.04875509411795,12.14992495156941,231,0
51,"\\"" J.K. Rowling is being praised by fans after she responded to a fan's question about why she said the character Albus Dumbledore from her Harry Potter series was gay. The fan had said they can't see Dumbledore as gay, and Rowling replied that maybe it's because gay people just look like people. Fans have praised Rowling's response as a powerful statement about LGBTQ representation and acceptance.\\""",11079,66.48040346207563,166.65061315881033,0.0392156862745098,0.826543927192688,5.492061555152759,59.139603168470785,0.005337991079381784,0,11080,0.0,0,0.0,0.0,0.0,0.0,0.0,0.0,0.0,0.0,0.0,0.0,0.0,0.0,0.0,0.0,0.0,0.0,0,742,14.931266846361186,0.08201241744647676,0.0,0.0,60.85321374528576,14.931266846361186,0.0,0.0,1.0,1.0,0.019296424984932004,0.019296424984932004,0.08201241744647676,0.09053627401590347,0.09341577291139402,9.454002187936567,9.92474122014246,12.04875509411795,12.14992495156941,231,0
52,"\\"" Astro Malaysia's CEO Rohana Rozhan, known as ""Rohana the Piranha"" since childhood, has proven her independence by becoming the head of a big media and entertainment company, producing over 9,000 hours of content annually, with 52% women employees, who have been hired based on merit. Rozhan believes that growing up as a good Muslim, Malay girl taught her to be respectful, hardworking, and passionate about her job. In an interview with CNN, she emphasized the importance of women being the best person\\""",11079,66.48040346207563,166.65061315881033,0.05172413793103449,0.8055685758590698,5.492061555152759,59.139603168470785,0.005337991079381784,0,11080,0.0,0,0.0,0.0,0.0,0.0,0.0,0.0,0.0,0.0,0.0,0.0,0.0,0.0,0.0,0.0,0.0,0.0,0,742,14.931266846361186,0.08201241744647676,0.0,0.0,60.85321374528576,14.931266846361186,0.0,0.0,1.0,1.0,0.019296424984932004,0.019296424984932004,0.08201241744647676,0.09053627401590347,0.09341577291139402,12.161590071977116,9.92474122014246,12.04875509411795,12.14992495156941,231,0
53,"\\"" Jon Hamm, lead actor in the hit television show ""Mad Men"", recently checked himself into a rehabilitation center for alcohol abuse treatment. He completed the 30-day program at Silver Hill Hospital in Connecticut with the support of his longtime partner, Jennifer Westfeldt. His representatives have requested privacy for the couple as they move forward. 4. In what state is the rehabilitation center that Jon Hamm attended located? The rehabilitation center that Jon Hamm attended, Silver Hill Hospital, is located in New Canaan, Connecticut.\\""",11079,66.48040346207563,166.65061315881033,0.05714285714285715,0.8155708909034729,5.492061555152759,59.139603168470785,0.005337991079381784,0,11080,0.0,0,0.0,0.0,0.0,0.0,0.0,0.0,0.0,0.0,0.0,0.0,0.0,0.0,0.0,0.0,0.0,0.0,0,742,14.931266846361186,0.08201241744647676,0.0,0.0,60.85321374528576,14.931266846361186,0.0,0.0,1.0,1.0,0.019296424984932004,0.019296424984932004,0.08201241744647676,0.09053627401590347,0.09341577291139402,11.45158466999419,9.92474122014246,12.04875509411795,12.14992495156941,231,0
54,"\\""\\""",11079,66.48040346207563,166.65061315881033,0.0,0.7635366320610046,5.492061555152759,59.139603168470785,0.005337991079381784,0,11080,0.0,0,0.0,0.0,0.0,0.0,0.0,0.0,0.0,0.0,0.0,0.0,0.0,0.0,0.0,0.0,0.0,0.0,0,742,14.931266846361186,0.08201241744647676,0.0,0.0,60.85321374528576,14.931266846361186,0.0,0.0,1.0,1.0,0.019296424984932004,0.019296424984932004,0.08201241744647676,0.09053627401590347,0.09341577291139402,0.0,9.92474122014246,12.04875509411795,12.14992495156941,231,0
55,"\\""A driver in Washington state tried to use a cardboard cutout of Jonathan Goldsmith (the Dos Equis guy) as a fake passenger in the HOV lane but got caught by a state trooper who recognized the prop and gave him a $124 ticket. The driver was laughing when the trooper approached him, and the trooper appreciated the creativity but still issued the fine. The incident occurred on Interstate 5 near Fife, Washington, just outside Tacoma. 3. Why did the driver get a ticket? The driver got a ticket because he attempted to use a\\""",11079,66.48040346207563,166.65061315881033,0.06837606837606837,0.8162539601325989,5.492061555152759,59.139603168470785,0.005337991079381784,0,11080,0.0,0,0.0,0.0,0.0,0.0,0.0,0.0,0.0,0.0,0.0,0.0,0.0,0.0,0.0,0.0,0.0,0.0,0,742,14.931266846361186,0.08201241744647676,0.0,0.0,60.85321374528576,14.931266846361186,0.0,0.0,1.0,1.0,0.019296424984932004,0.019296424984932004,0.08201241744647676,0.09053627401590347,0.09341577291139402,12.113204457098618,9.92474122014246,12.04875509411795,12.14992495156941,231,0
56,"\\"" Authorities discovered the bodies of a male child and a female child found inside a freezer at a home in Detroit. The mother of the children was arrested on child abuse charges. The police have not released the name of the mother or the ages of the children and are asking for public help for information pertaining to the crime.\\""",11079,66.48040346207563,166.65061315881033,0.05063291139240506,0.8131750226020813,5.492061555152759,59.139603168470785,0.005337991079381784,0,11080,0.0,0,0.0,0.0,0.0,0.0,0.0,0.0,0.0,0.0,0.0,0.0,0.0,0.0,0.0,0.0,0.0,0.0,0,742,14.931266846361186,0.08201241744647676,0.0,0.0,60.85321374528576,14.931266846361186,0.0,0.0,1.0,1.0,0.019296424984932004,0.019296424984932004,0.08201241744647676,0.09053627401590347,0.09341577291139402,6.588183550047688,9.92474122014246,12.04875509411795,12.14992495156941,231,0
57,"\\"" Germanwings Flight crashed, many people tweeted questions about it and CNN answered the most interesting ones. The questions asked about rate of decent, tech preventing plane crashes, live cameras on plans, possibility of plane being hacked and why there wasn't a fiery explosion upon impact and if the co-pilot was under the influence. CNN answered all of these questions to help clear up confusion.\\""",11079,66.48040346207563,166.65061315881033,0.06250000000000001,0.8135932683944702,5.492061555152759,59.139603168470785,0.005337991079381784,0,11080,0.0,0,0.0,0.0,0.0,0.0,0.0,0.0,0.0,0.0,0.0,0.0,0.0,0.0,0.0,0.0,0.0,0.0,0,742,14.931266846361186,0.08201241744647676,0.0,0.0,60.85321374528576,14.931266846361186,0.0,0.0,1.0,1.0,0.019296424984932004,0.019296424984932004,0.08201241744647676,0.09053627401590347,0.09341577291139402,8.447642048005946,9.92474122014246,12.04875509411795,12.14992495156941,231,0
58,"\\"" England defeat Israel, Wales beat Israel, Italy avoids defeat. Gareth Bale scored twice as they beat Israel to be top contender for the 2016 Euro. Italy narrowly escaped defeat against Bulgaria. Latvia a lowly Bulgaria after a team Bulgaria after Eder Bulgaria, thanks to Bulgaria by Bulgaria by Bulgaria after Brazil with a superior against Bulgaria Bulgaria Bulgaria Bulgaria against Bulgaria 2ing defeats on a late in their blushed defeat. Wales beat Bulgaria a Real Madrid sportsiclethings Bulgariacomment #support Wales are the Czech Republic of\\""",11079,66.48040346207563,166.65061315881033,0.06557377049180328,0.7947949767112732,5.492061555152759,59.139603168470785,0.005337991079381784,0,11080,0.0,0,0.0,0.0,0.0,0.0,0.0,0.0,0.0,0.0,0.0,0.0,0.0,0.0,0.0,0.0,0.0,0.0,0,742,14.931266846361186,0.08201241744647676,0.0,0.0,60.85321374528576,14.931266846361186,0.0,0.0,1.0,1.0,0.019296424984932004,0.019296424984932004,0.08201241744647676,0.09053627401590347,0.09341577291139402,11.987864436930977,9.92474122014246,12.04875509411795,12.14992495156941,231,0
59,"\\"" One Direction's Zayn Malik has decided to leave the group after five years, with the band continuing on as a four-piece. Malik's departure was removed himself had been signed offstage had been ""signature departure comes after aforcing left last week-leum Festival had temporarily left the left the left the left the departure has been removed himself left the departure has left the decision to record label the announcementheldayselet ~\\or numero ofiónalks (Niulated by Saranatheds the band members Niall stars Niall signed to continue to record\\""",11079,66.48040346207563,166.65061315881033,0.072992700729927,0.7882708311080933,5.492061555152759,59.139603168470785,0.005337991079381784,0,11080,0.0,0,0.0,0.0,0.0,0.0,0.0,0.0,0.0,0.0,0.0,0.0,0.0,0.0,0.0,0.0,0.0,0.0,0,742,14.931266846361186,0.08201241744647676,0.0,0.0,60.85321374528576,14.931266846361186,0.0,0.0,1.0,1.0,0.019296424984932004,0.019296424984932004,0.08201241744647676,0.09053627401590347,0.09341577291139402,12.04020635294728,9.92474122014246,12.04875509411795,12.14992495156941,231,0
60,"\\"" Zayn Malik, former member of One Direction, has spoken out for the first time since his departure from the group, expressing regret for the pain he may have caused fans. Malik stated that he was not being true to himself and could no longer continue with the group. Despite this, he claims to be getting along well with the other members of the band and they will continue as a foursome, with Malik pursuing a solo project. 10. Zayn Malik said he left One Direction because he wasn't being true to himself and he couldn't continue doing something that\\""",11079,66.48040346207563,166.65061315881033,0.07042253521126761,0.8201777338981628,5.492061555152759,59.139603168470785,0.005337991079381784,0,11080,0.0,0,0.0,0.0,0.0,0.0,0.0,0.0,0.0,0.0,0.0,0.0,0.0,0.0,0.0,0.0,0.0,0.0,0,742,14.931266846361186,0.08201241744647676,0.0,0.0,60.85321374528576,14.931266846361186,0.0,0.0,1.0,1.0,0.019296424984932004,0.019296424984932004,0.08201241744647676,0.09053627401590347,0.09341577291139402,12.05473772098776,9.92474122014246,12.04875509411795,12.14992495156941,231,0
61,"\\"" The first trailer for the 24th James Bond film, ""SPECTRE,"" was released on Friday. The film follows Bond as he infiltrates a global terrorist organization after receiving a cryptic message from his past. The trailer features a series of clues to the movie's plot, including an old photo, a temporary certificate of guardianship, and a secret meeting of shadowy men.\\""",11079,66.48040346207563,166.65061315881033,0.16279069767441862,0.8222203850746155,5.492061555152759,59.139603168470785,0.005337991079381784,0,11080,0.0,0,0.0,0.0,0.0,0.0,0.0,0.0,0.0,0.0,0.0,0.0,0.0,0.0,0.0,0.0,0.0,0.0,0,742,14.931266846361186,0.08201241744647676,0.0,0.0,60.85321374528576,14.931266846361186,0.0,0.0,1.0,1.0,0.019296424984932004,0.019296424984932004,0.08201241744647676,0.09053627401590347,0.09341577291139402,8.130103255040012,9.92474122014246,12.04875509411795,12.14992495156941,231,0
62,"\\"" Kylie Minogue will be performing at the 20th Dubai World Cup, an internationally renowned equine event, on March 28th. She will perform a 90-minute show of her hits and will be joined by luxury brands Longines and Jaguar as sponsors. Minogue is worth is worth is worth is worth is worth is worth $1\\""",11079,66.48040346207563,166.65061315881033,0.07228915662650602,0.7997326254844666,5.492061555152759,59.139603168470785,0.005337991079381784,0,11080,0.0,0,0.0,0.0,0.0,0.0,0.0,0.0,0.0,0.0,0.0,0.0,0.0,0.0,0.0,0.0,0.0,0.0,0,742,14.931266846361186,0.08201241744647676,0.0,0.0,60.85321374528576,14.931266846361186,0.0,0.0,1.0,1.0,0.019296424984932004,0.019296424984932004,0.08201241744647676,0.09053627401590347,0.09341577291139402,8.030180345987901,9.92474122014246,12.04875509411795,12.14992495156941,231,0
63,"\\"" Tunisian's united together after the terrorist attack that took place at the Bardo Museum. They marched together to show their support against terrorism and to show the world that they are not afraid. Prime Minister announced that the architect of the museum assault was one of the nine militants killed during a raid. Identify whether the article is factual, analytical, or persuasive. The article is factual. It is giving factual information on what is currently going on in Tunisia in relation to the aftermaths regards to the aftermath the after the after the after the after the after\\""",11079,66.48040346207563,166.65061315881033,0.14102564102564102,0.8031497001647949,5.492061555152759,59.139603168470785,0.005337991079381784,0,11080,0.0,0,0.0,0.0,0.0,0.0,0.0,0.0,0.0,0.0,0.0,0.0,0.0,0.0,0.0,0.0,0.0,0.0,0,742,14.931266846361186,0.08201241744647676,0.0,0.0,60.85321374528576,14.931266846361186,0.0,0.0,1.0,1.0,0.019296424984932004,0.019296424984932004,0.08201241744647676,0.09053627401590347,0.09341577291139402,11.998347299057059,9.92474122014246,12.04875509411795,12.14992495156941,231,0
64,"\\"" Lewis Hamilton will start in pole position at the Malaysian Grand Prix after dominating qualifying in wet conditions. Tensions between Hamilton and his teammate Nico Rosberg appeared to resurface when Hamilton aborted a flying lap due to what he perceived as Rosberg blocking him, but both drivers downplayed the incident. Further down the grid, 17-year-old Max Verstappen impressed by qualifying in sixth place for Toro Rosso.\\""",11079,66.48040346207563,166.65061315881033,0.23404255319148937,0.8885841965675354,5.492061555152759,59.139603168470785,0.005337991079381784,0,11080,0.0,0,0.0,0.0,0.0,0.0,0.0,0.0,0.0,0.0,0.0,0.0,0.0,0.0,0.0,0.0,0.0,0.0,0,742,14.931266846361186,0.08201241744647676,0.0,0.0,60.85321374528576,14.931266846361186,0.0,0.0,1.0,1.0,0.019296424984932004,0.019296424984932004,0.08201241744647676,0.09053627401590347,0.09341577291139402,9.140650194953196,9.92474122014246,12.04875509411795,12.14992495156941,231,0
65,"\\"" A commuter train collided with a car in Los Angeles and derailed, injuring 21 people and causing heavy traffic. The crash happened when an eastbound Hyundai turned into the path of the oncoming train, which caused the train to derail. The Los Angeles Fire Department transported 10 people to hospitals, one in critical condition and one in grave condition. 2. Write a newsflash using the three sentences from the first task. Newsflash! Commuter train collision in Los Angeles! Twenty-one people were injured when a train derailed after colliding with a car\\""",11079,66.48040346207563,166.65061315881033,0.05263157894736842,0.7999069690704346,5.492061555152759,59.139603168470785,0.005337991079381784,0,11080,0.0,0,0.0,0.0,0.0,0.0,0.0,0.0,0.0,0.0,0.0,0.0,0.0,0.0,0.0,0.0,0.0,0.0,0,742,14.931266846361186,0.08201241744647676,0.0,0.0,60.85321374528576,14.931266846361186,0.0,0.0,1.0,1.0,0.019296424984932004,0.019296424984932004,0.08201241744647676,0.09053627401590347,0.09341577291139402,11.970238573034294,9.92474122014246,12.04875509411795,12.14992495156941,231,0
66,"\\"" On Monday's CNN Student News, Nigerians cast their ballots in the country's presidential election, with many hoping for change. The International Space Station will be hosting an astronaut for a 340-day mission, during which they will be part of a variety of experiments. A new invention uses low-frequency sound waves to extinguish fires, revolutionizing firefighting techniques.\\""",11079,66.48040346207563,166.65061315881033,0.06741573033707865,0.8212313055992126,5.492061555152759,59.139603168470785,0.005337991079381784,0,11080,0.0,0,0.0,0.0,0.0,0.0,0.0,0.0,0.0,0.0,0.0,0.0,0.0,0.0,0.0,0.0,0.0,0.0,0,742,14.931266846361186,0.08201241744647676,0.0,0.0,60.85321374528576,14.931266846361186,0.0,0.0,1.0,1.0,0.019296424984932004,0.019296424984932004,0.08201241744647676,0.09053627401590347,0.09341577291139402,8.157088038977236,9.92474122014246,12.04875509411795,12.14992495156941,231,0
67,"\\"" Marine biologists at the South Carolina Aquarium are treating a 475-pound, endangered leatherback sea turtle that was found stranded on a nearby beach. The turtle, named Yawkey, is believed to be a juvenile and is being given antibiotics and vitamins to recover from hypoglycemia. Aquarium staffers are working with the state's Department of Natural Resources to determine the best time and place to release the release the release the release the released the release the release the release the release the release the release the release\\""",11079,66.48040346207563,166.65061315881033,0.05504587155963302,0.7922115921974182,5.492061555152759,59.139603168470785,0.005337991079381784,0,11080,0.0,0,0.0,0.0,0.0,0.0,0.0,0.0,0.0,0.0,0.0,0.0,0.0,0.0,0.0,0.0,0.0,0.0,0,742,14.931266846361186,0.08201241744647676,0.0,0.0,60.85321374528576,14.931266846361186,0.0,0.0,1.0,1.0,0.019296424984932004,0.019296424984932004,0.08201241744647676,0.09053627401590347,0.09341577291139402,11.954052024055272,9.92474122014246,12.04875509411795,12.14992495156941,231,0
68,"\\"" On Monday, Trevor Noah was announced as the new replacement host for ""The Daily Show"" after Jon Stewart leaves the show. This comes after Stewart announced in February that he would be leaving after 16 years on the popular news satire program. Trevor Noah has been a contributor on the show and even had three appearances on the show.
The article discusses the announcement of Trevor Noah as the new host of ""The Daily Show"" after Jon Stewart's departure. Noah, Noah, and Noah' Noah, and Noah, Noah, Noah, Noah\\""",11079,66.48040346207563,166.65061315881033,0.06722689075630252,0.8131100535392761,5.492061555152759,59.139603168470785,0.005337991079381784,0,11080,0.0,0,0.0,0.0,0.0,0.0,0.0,0.0,0.0,0.0,0.0,0.0,0.0,0.0,0.0,0.0,0.0,0.0,0,742,14.931266846361186,0.08201241744647676,0.0,0.0,60.85321374528576,14.931266846361186,0.0,0.0,1.0,1.0,0.019296424984932004,0.019296424984932004,0.08201241744647676,0.09053627401590347,0.09341577291139402,11.944990051910281,9.92474122014246,12.04875509411795,12.14992495156941,231,0
69,"\\"" Catherine, Duchess of Cambridge, made her last official appearance before going on maternity leave, visiting a learning center and a church in London. She was accompanied by her husband Prince William and Baroness Lawrence, the mother of Stephen Lawrence, who the center is named after. Catherine is expected to give birth to her second child, a sibling for Prince George, in mid- to late April.\\""",11079,66.48040346207563,166.65061315881033,0.08247422680412371,0.8144795298576355,5.492061555152759,59.139603168470785,0.005337991079381784,0,11080,0.0,0,0.0,0.0,0.0,0.0,0.0,0.0,0.0,0.0,0.0,0.0,0.0,0.0,0.0,0.0,0.0,0.0,0,742,14.931266846361186,0.08201241744647676,0.0,0.0,60.85321374528576,14.931266846361186,0.0,0.0,1.0,1.0,0.019296424984932004,0.019296424984932004,0.08201241744647676,0.09053627401590347,0.09341577291139402,7.83995562500786,9.92474122014246,12.04875509411795,12.14992495156941,231,0
70,"\\"" ""Fifty Shades Darker"" will have new director. Sam Taylor-Johnson will not return for the sequel due to intense and incredible journey she had from the first film. E L James, author of the best-selling book series, wants to write the screenplay for the second film. 5. Critical thinking question: If E L James wants to write the screenplay for the second film, why didn't she write the screenplay for the first film? Explain your reasoning. Answer: If E L James wants to write the screenplay for the second film, it may be\\""",11079,66.48040346207563,166.65061315881033,0.03539823008849557,0.8110477924346924,5.492061555152759,59.139603168470785,0.005337991079381784,0,11080,0.0,0,0.0,0.0,0.0,0.0,0.0,0.0,0.0,0.0,0.0,0.0,0.0,0.0,0.0,0.0,0.0,0.0,0,742,14.931266846361186,0.08201241744647676,0.0,0.0,60.85321374528576,14.931266846361186,0.0,0.0,1.0,1.0,0.019296424984932004,0.019296424984932004,0.08201241744647676,0.09053627401590347,0.09341577291139402,11.962208653101698,9.92474122014246,12.04875509411795,12.14992495156941,231,0
71,"\\""Arnold Palmer, despite his recent dislocated shoulder, plans to hit the ceremonial opening tee shot at the upcoming Masters tournament in Augusta. The 85-year-old golf legend promises to be on the course on April 9, joined by fellow greats Jack Nicklaus and Gary Player, despite the fact that doctors haven't yet cleared him to swing a golf club. Palmer's four Masters wins came in 1958, 1960, 1962, and 1964, and he made his final competitive Masters appearance\\""",11079,66.48040346207563,166.65061315881033,0.06451612903225806,0.8129947185516357,5.492061555152759,59.139603168470785,0.005337991079381784,0,11080,0.0,0,0.0,0.0,0.0,0.0,0.0,0.0,0.0,0.0,0.0,0.0,0.0,0.0,0.0,0.0,0.0,0.0,0,742,14.931266846361186,0.08201241744647676,0.0,0.0,60.85321374528576,14.931266846361186,0.0,0.0,1.0,1.0,0.019296424984932004,0.019296424984932004,0.08201241744647676,0.09053627401590347,0.09341577291139402,11.950943763018586,9.92474122014246,12.04875509411795,12.14992495156941,231,0
72,"\\"" A truck carrying explosives blew up at a security forces camp in Al-Arish, North Sinai, killing one civilian and injuring 44 people, including 42 soldiers. The truck was shot at by guards before it exploded, and the driver was killed. No one has claimed responsibility for the attack, which comes amid an Islamist insurgency in the region that has increased since the ouster of President Mohamed Morsy in 2013. snippet The explosion occurred at a camp for Egyptian security forces in Al-Arish, North Sinai\\""",11079,66.48040346207563,166.65061315881033,0.07476635514018691,0.8018903136253357,5.492061555152759,59.139603168470785,0.005337991079381784,0,11080,0.0,0,0.0,0.0,0.0,0.0,0.0,0.0,0.0,0.0,0.0,0.0,0.0,0.0,0.0,0.0,0.0,0.0,0,742,14.931266846361186,0.08201241744647676,0.0,0.0,60.85321374528576,14.931266846361186,0.0,0.0,1.0,1.0,0.019296424984932004,0.019296424984932004,0.08201241744647676,0.09053627401590347,0.09341577291139402,11.982924698968418,9.92474122014246,12.04875509411795,12.14992495156941,231,0
73,"\\"" Canadian professional tennis player Eugenie Bouchard and pop-sensation Justin Bieber played a game of tennis together at the Annual Desert Smash event, which was hosted by Will Ferrell and benefited the Cancer for College charity. This isn't the first time Bouchard has shown interest in the ""Baby"" singer, having previously stated that he would be her ideal date in an interview at the 2014 Australian Open. While Bieber has not responded to Bouchard's tweet, the event brought together various celebrities including Danish tennis star and Sports\\""",11079,66.48040346207563,166.65061315881033,0.08633093525179855,0.8062507510185242,5.492061555152759,59.139603168470785,0.005337991079381784,0,11080,0.0,0,0.0,0.0,0.0,0.0,0.0,0.0,0.0,0.0,0.0,0.0,0.0,0.0,0.0,0.0,0.0,0.0,0,742,14.931266846361186,0.08201241744647676,0.0,0.0,60.85321374528576,14.931266846361186,0.0,0.0,1.0,1.0,0.019296424984932004,0.019296424984932004,0.08201241744647676,0.09053627401590347,0.09341577291139402,12.016435655998066,9.92474122014246,12.04875509411795,12.14992495156941,231,0
74,"\\"" Dwayne Johnson, former professional wrestler and actor, recently hosted Saturday Night Live (SNL) and starred in several memorable sketches including a live-action ""Bambi"" remake and a sketch in which he transformed into ""The Rock Obama."" Johnson also made a surprise appearance at WrestleMania 31, teaming up with UFC champion Ronda Rousey to take on WWE executives Stephanie McMahon and Triple H. This event marked Johnson's return to his wrestling roots, as he is the son of retired professional wrestler Rocky Johnson and\\""",11079,66.48040346207563,166.65061315881033,0.08695652173913043,0.8069764971733093,5.492061555152759,59.139603168470785,0.005337991079381784,0,11080,0.0,0,0.0,0.0,0.0,0.0,0.0,0.0,0.0,0.0,0.0,0.0,0.0,0.0,0.0,0.0,0.0,0.0,0,742,14.931266846361186,0.08201241744647676,0.0,0.0,60.85321374528576,14.931266846361186,0.0,0.0,1.0,1.0,0.019296424984932004,0.019296424984932004,0.08201241744647676,0.09053627401590347,0.09341577291139402,12.10632203600835,9.92474122014246,12.04875509411795,12.14992495156941,231,0
75,"\\"" 150 homeless people were invited to tour the Vatican Museums and the Sistine Chapel, led by Archbishop Konrad Krajewski, who is in charge of charity for the poor. A special visit was given to the Domus Sanctae Marthae, the main path of the Gardens and the Cancello di Gregogio by the Office of Papal Charities. The homeless people normally only see the steps outside, but this gave them the opportunity to enjoy the artistic patrimony.\\""",11079,66.48040346207563,166.65061315881033,0.30612244897959184,0.8847524523735046,5.492061555152759,59.139603168470785,0.005337991079381784,0,11080,0.0,0,0.0,0.0,0.0,0.0,0.0,0.0,0.0,0.0,0.0,0.0,0.0,0.0,0.0,0.0,0.0,0.0,0,742,14.931266846361186,0.08201241744647676,0.0,0.0,60.85321374528576,14.931266846361186,0.0,0.0,1.0,1.0,0.019296424984932004,0.019296424984932004,0.08201241744647676,0.09053627401590347,0.09341577291139402,10.704043623059988,9.92474122014246,12.04875509411795,12.14992495156941,231,0
76,"\\"" Jordan Spieth has won the Valspar Championship ons autour Championship Championship on his third play-T'alspar Championship on the fourth playoff Championship on Tour Championship on tour championship onoroid Rorymolemareaspooporafen their on Sunday'saveskestershagna displafteria gained the leadings the fourth ralongestairsitys already before of 2s at 2suresseesusian's Augustaims views is gunningescals and won a three times, which landslide and become only four-tireland on the next to follow\\""",11079,66.48040346207563,166.65061315881033,0.04395604395604396,0.7581807374954224,5.492061555152759,59.139603168470785,0.005337991079381784,0,11080,0.0,0,0.0,0.0,0.0,0.0,0.0,0.0,0.0,0.0,0.0,0.0,0.0,0.0,0.0,0.0,0.0,0.0,0,742,14.931266846361186,0.08201241744647676,0.0,0.0,60.85321374528576,14.931266846361186,0.0,0.0,1.0,1.0,0.019296424984932004,0.019296424984932004,0.08201241744647676,0.09053627401590347,0.09341577291139402,12.149807122070342,9.92474122014246,12.04875509411795,12.14992495156941,231,0
77,"\\"" This article discusses current events from around the world, including news from Nigeria, Switzerland, and West Africa. In honor of Financial Literacy Month, the article also examines the impact of wages on the U.S. economy. Additionally, the article touches on the use of cyborg cockroaches as potential rescue animals.\\""",11079,66.48040346207563,166.65061315881033,0.0425531914893617,0.8023315668106079,5.492061555152759,59.139603168470785,0.005337991079381784,0,11080,0.0,0,0.0,0.0,0.0,0.0,0.0,0.0,0.0,0.0,0.0,0.0,0.0,0.0,0.0,0.0,0.0,0.0,0,742,14.931266846361186,0.08201241744647676,0.0,0.0,60.85321374528576,14.931266846361186,0.0,0.0,1.0,1.0,0.019296424984932004,0.019296424984932004,0.08201241744647676,0.09053627401590347,0.09341577291139402,6.741651191958226,9.92474122014246,12.04875509411795,12.14992495156941,231,0
78,"\\"" Adam West and Burt Ward have announced that they may reprise their roles as Batman and Robin for an animated feature due for release next year. It will be a 90-minute movie and one of possibly two that the actors will be doing the voices for. However, there is no official comment from Warner Bros. about a possible, the hero essay about the possibilities of confirming Consumer Choose.
 43.
 ©23 on this project on the producer on this time.\\""",11079,66.48040346207563,166.65061315881033,0.11678832116788322,0.802232027053833,5.492061555152759,59.139603168470785,0.005337991079381784,0,11080,0.0,0,0.0,0.0,0.0,0.0,0.0,0.0,0.0,0.0,0.0,0.0,0.0,0.0,0.0,0.0,0.0,0.0,0,742,14.931266846361186,0.08201241744647676,0.0,0.0,60.85321374528576,14.931266846361186,0.0,0.0,1.0,1.0,0.019296424984932004,0.019296424984932004,0.08201241744647676,0.09053627401590347,0.09341577291139402,10.02897879097145,9.92474122014246,12.04875509411795,12.14992495156941,231,0
79,"\\"" In an unfortunate turn of events, a Canadian tourist was killed when the small inflatable boat she was on collided with a whale off the coast of Mexico. Two other people were injured, and a tour guide and another passenger tried to resuscitate the victim to no avail. The incident is being investigated by Mexican authorities. 1. Mexican authorities are investigating an incident where a boating incident where a tragicident incide  accident involving a tragicidentifying incident where a boating incident involving a boating incident in an incident in which would beating incident where a Canadian tourist shellfishj\\""",11079,66.48040346207563,166.65061315881033,0.05309734513274336,0.7960227131843567,5.492061555152759,59.139603168470785,0.005337991079381784,0,11080,0.0,0,0.0,0.0,0.0,0.0,0.0,0.0,0.0,0.0,0.0,0.0,0.0,0.0,0.0,0.0,0.0,0.0,0,742,14.931266846361186,0.08201241744647676,0.0,0.0,60.85321374528576,14.931266846361186,0.0,0.0,1.0,1.0,0.019296424984932004,0.019296424984932004,0.08201241744647676,0.09053627401590347,0.09341577291139402,11.950931458966807,9.92474122014246,12.04875509411795,12.14992495156941,231,0
80,"\\"" Simone Gbagbo former first lady has been sentence to 20 years in prison from a post-election violence crime that killed over 3,000 people. Her husband former president Laurent Gagbo also has the same charges, and is awaiting trial at The Hague. In 2010, charge stemmed from the aftermath of her husband's defeat where he refused to step down after Alassane Ouattara was declared winner of the election. \\""",11079,66.48040346207563,166.65061315881033,0.1590909090909091,0.8579234480857849,5.492061555152759,59.139603168470785,0.005337991079381784,0,11080,0.0,0,0.0,0.0,0.0,0.0,0.0,0.0,0.0,0.0,0.0,0.0,0.0,0.0,0.0,0.0,0.0,0.0,0,742,14.931266846361186,0.08201241744647676,0.0,0.0,60.85321374528576,14.931266846361186,0.0,0.0,1.0,1.0,0.019296424984932004,0.019296424984932004,0.08201241744647676,0.09053627401590347,0.09341577291139402,9.682087537948973,9.92474122014246,12.04875509411795,12.14992495156941,231,0
81,"\\""\\""",11079,66.48040346207563,166.65061315881033,0.0,0.7798280119895935,5.492061555152759,59.139603168470785,0.005337991079381784,0,11080,0.0,0,0.0,0.0,0.0,0.0,0.0,0.0,0.0,0.0,0.0,0.0,0.0,0.0,0.0,0.0,0.0,0.0,0,742,14.931266846361186,0.08201241744647676,0.0,0.0,60.85321374528576,14.931266846361186,0.0,0.0,1.0,1.0,0.019296424984932004,0.019296424984932004,0.08201241744647676,0.09053627401590347,0.09341577291139402,0.0,9.92474122014246,12.04875509411795,12.14992495156941,231,0
82,"\\"" North Korea claims to have arrested two South Korean spies; Kim Kook Kie and Choi Chun Kil, who are accused of committing acts of terrorism and bringing in large amounts of forged currency. CNN has not been able to confirm the authenticity of a declaration of guilt from Kim, and South Korea's National Intelligence Service denies that any of their members were arrested in North Korea. This news comes at a time of heightened tensions between the two countries, with North Korea having recently conducted nuclear tests and South Korea and the US holding joint military exercises.     , North Korea claims to\\""",11079,66.48040346207563,166.65061315881033,0.09523809523809523,0.8173907399177551,5.492061555152759,59.139603168470785,0.005337991079381784,0,11080,0.0,0,0.0,0.0,0.0,0.0,0.0,0.0,0.0,0.0,0.0,0.0,0.0,0.0,0.0,0.0,0.0,0.0,0,742,14.931266846361186,0.08201241744647676,0.0,0.0,60.85321374528576,14.931266846361186,0.0,0.0,1.0,1.0,0.019296424984932004,0.019296424984932004,0.08201241744647676,0.09053627401590347,0.09341577291139402,11.964520648936741,9.92474122014246,12.04875509411795,12.14992495156941,231,0
83,"\\"" Zayn Malik, former One Direction member has announced on April 
s member, member, has announced thationection member, member, has member, has decided member, left the boy band member, has left the boy group member, is working withdwehappropriet9 leaving the decision to work with several days after leaving the talk with members of One Directionerback at first highlighted by leaving the possible products Musical producer Naughty, is working on life talk about working with the truth huromalong with the truth about his leaving the boy-Trending the truth is working with music producer\\""",11079,66.48040346207563,166.65061315881033,0.08547008547008546,0.7784843444824219,5.492061555152759,59.139603168470785,0.005337991079381784,0,11080,0.0,0,0.0,0.0,0.0,0.0,0.0,0.0,0.0,0.0,0.0,0.0,0.0,0.0,0.0,0.0,0.0,0.0,0,742,14.931266846361186,0.08201241744647676,0.0,0.0,60.85321374528576,14.931266846361186,0.0,0.0,1.0,1.0,0.019296424984932004,0.019296424984932004,0.08201241744647676,0.09053627401590347,0.09341577291139402,11.96745144808665,9.92474122014246,12.04875509411795,12.14992495156941,231,0
84,"\\"" The Syrian military claims to have shot down a US drone, according to a statement from the state-run Syrian Arab News Agency. The US military has confirmed that a MQ-1 Predator drone was lost over Syria, but the cause is still under investigation. The US uses drones for reconnaissance and targeted killings, and they have become a common tool for militaries around the world, with over 70 countries now operating some type of drone.\\""",11079,66.48040346207563,166.65061315881033,0.15238095238095237,0.8831691145896912,5.492061555152759,59.139603168470785,0.005337991079381784,0,11080,0.0,0,0.0,0.0,0.0,0.0,0.0,0.0,0.0,0.0,0.0,0.0,0.0,0.0,0.0,0.0,0.0,0.0,0,742,14.931266846361186,0.08201241744647676,0.0,0.0,60.85321374528576,14.931266846361186,0.0,0.0,1.0,1.0,0.019296424984932004,0.019296424984932004,0.08201241744647676,0.09053627401590347,0.09341577291139402,9.608122566016391,9.92474122014246,12.04875509411795,12.14992495156941,231,0
85,"\\"" Interceptor jets from NATO were scrambled after radar detected Russian military aircraft entering Latvian airspace. It is unclear how many aircraft were involved.  This event comes as Russia has been holding large-scale military exercises near NATO states and as fears of Putin's intentions are growing. \\""",11079,66.48040346207563,166.65061315881033,0.07894736842105263,0.8201223015785217,5.492061555152759,59.139603168470785,0.005337991079381784,0,11080,0.0,0,0.0,0.0,0.0,0.0,0.0,0.0,0.0,0.0,0.0,0.0,0.0,0.0,0.0,0.0,0.0,0.0,0,742,14.931266846361186,0.08201241744647676,0.0,0.0,60.85321374528576,14.931266846361186,0.0,0.0,1.0,1.0,0.019296424984932004,0.019296424984932004,0.08201241744647676,0.09053627401590347,0.09341577291139402,6.600611759000458,9.92474122014246,12.04875509411795,12.14992495156941,231,0
86,"\\"" Troops from Niger and Chad discovered a mass grave containing over 90 decomposed bodies near the Nigerian town of Damasak, which was recently recaptured from Boko Haram. The bodies, some of which were beheaded, were found in a shallow grave under a bridge outside the town. Boko Haram has been terrorizing northern Nigeria since 2009, attacking various targets and kidnapping civilians, including over 200 schoolgirls who remain missing.\\""",11079,66.48040346207563,166.65061315881033,0.023529411764705882,0.8055561780929565,5.492061555152759,59.139603168470785,0.005337991079381784,0,11080,0.0,0,0.0,0.0,0.0,0.0,0.0,0.0,0.0,0.0,0.0,0.0,0.0,0.0,0.0,0.0,0.0,0.0,0,742,14.931266846361186,0.08201241744647676,0.0,0.0,60.85321374528576,14.931266846361186,0.0,0.0,1.0,1.0,0.019296424984932004,0.019296424984932004,0.08201241744647676,0.09053627401590347,0.09341577291139402,10.175351019017398,9.92474122014246,12.04875509411795,12.14992495156941,231,0
87,"\\"" Darius McCrary, the actor known for his role as Eddie Winslow on ""Family Matters,"" was briefly arrested for not paying child support, but was released the same day, said Carrie Rudzki from the Oakland County Jail. McCrary defended himself in a series of tweets, referencing Martin Luther King Jr. and pointing out his successful acting career success incomparison to resolve to success incomparison to contribute many acting career success as an extensive acting career success in Hollywood career success in IMDb page long career success in comparison to Filmography career success in defense against critics and his role\\""",11079,66.48040346207563,166.65061315881033,0.04958677685950413,0.8061411380767822,5.492061555152759,59.139603168470785,0.005337991079381784,0,11080,0.0,0,0.0,0.0,0.0,0.0,0.0,0.0,0.0,0.0,0.0,0.0,0.0,0.0,0.0,0.0,0.0,0.0,0,742,14.931266846361186,0.08201241744647676,0.0,0.0,60.85321374528576,14.931266846361186,0.0,0.0,1.0,1.0,0.019296424984932004,0.019296424984932004,0.08201241744647676,0.09053627401590347,0.09341577291139402,11.340818581986241,9.92474122014246,12.04875509411795,12.14992495156941,231,0
88,"\\"" In a recent Instagram post, John Stamos shared a photo of himself standing outside of the iconic ""Full House"" home, unnoticed by a group of tourists. The post amused Stamos, who has been keeping busy with various TV roles amid reunion rumors. The photo received significant attention, with 46,000 likes and numerous comments from fans.



2.  In a new Instagram post, John Stamos is seen lurking outside the famous ""Full House"" home, unbeknownst to a group of tourists. Stamos appears to be\\""",11079,66.48040346207563,166.65061315881033,0.05309734513274336,0.808006227016449,5.492061555152759,59.139603168470785,0.005337991079381784,0,11080,0.0,0,0.0,0.0,0.0,0.0,0.0,0.0,0.0,0.0,0.0,0.0,0.0,0.0,0.0,0.0,0.0,0.0,0,742,14.931266846361186,0.08201241744647676,0.0,0.0,60.85321374528576,14.931266846361186,0.0,0.0,1.0,1.0,0.019296424984932004,0.019296424984932004,0.08201241744647676,0.09053627401590347,0.09341577291139402,11.112017523963004,9.92474122014246,12.04875509411795,12.14992495156941,231,0
89,"\\"" A severe solar storm created a stunning display of light in the night sky over parts of the United States, Europe, Europe, Europe, Europe, Europe, Europe, Europe, Europe, Europe, Europe, Europe, Europe, Europe, Europe, Europe, Europe, Europe, Europe, despite clouds from Tuesday in early Wednesuspon Tues the sky in the Southern Hemis auroraqcrossing 103. The stronger than in the lights were seen by those in the storms. The powerful particles from the Earth'ours of aurora service Aurora borealisic Northern Lucksight be seen\\""",11079,66.48040346207563,166.65061315881033,0.034482758620689655,0.7808824181556702,5.492061555152759,59.139603168470785,0.005337991079381784,0,11080,0.0,0,0.0,0.0,0.0,0.0,0.0,0.0,0.0,0.0,0.0,0.0,0.0,0.0,0.0,0.0,0.0,0.0,0,742,14.931266846361186,0.08201241744647676,0.0,0.0,60.85321374528576,14.931266846361186,0.0,0.0,1.0,1.0,0.019296424984932004,0.019296424984932004,0.08201241744647676,0.09053627401590347,0.09341577291139402,10.798580268048681,9.92474122014246,12.04875509411795,12.14992495156941,231,0
90,"\\"" ""Windell D. Middlebrooks the actor who portrayed the Miller High Life delivery man passed away at age 36. Middlebrooks had recurring roles on television shows ""Body of Proof,"" ""Scrubs"" and ""It's Always Sunny in Philadelphia. His family has asked for privacy ""at this time"" and have not released the cause of death, though they did leave a message on his Facebook page saying he ""took his final bow in the early morning"" of March 9th. 
 Buy Miller Lite Beer HERE 
Get Miller Lite Be\\""",11079,66.48040346207563,166.65061315881033,0.0819672131147541,0.8088602423667908,5.492061555152759,59.139603168470785,0.005337991079381784,0,11080,0.0,0,0.0,0.0,0.0,0.0,0.0,0.0,0.0,0.0,0.0,0.0,0.0,0.0,0.0,0.0,0.0,0.0,0,742,14.931266846361186,0.08201241744647676,0.0,0.0,60.85321374528576,14.931266846361186,0.0,0.0,1.0,1.0,0.019296424984932004,0.019296424984932004,0.08201241744647676,0.09053627401590347,0.09341577291139402,10.6135861199582,9.92474122014246,12.04875509411795,12.14992495156941,231,0
91,"\\"" Judge Terrence Berg, an Obama appointee,  was shot Thursday night in front of his Detroit home during an apparent robbery attempt. The FBI is confirming the incident and Detroit police think it was a robbery with no connection to his position as judge . Judge Berg was shot in the leg during a struggle with two young men who escaped the scene in a dark-colored car, and he was hospitalized with non-life-threatening injuries.\\""",11079,66.48040346207563,166.65061315881033,0.05714285714285714,0.8226181864738464,5.492061555152759,59.139603168470785,0.005337991079381784,0,11080,0.0,0,0.0,0.0,0.0,0.0,0.0,0.0,0.0,0.0,0.0,0.0,0.0,0.0,0.0,0.0,0.0,0.0,0,742,14.931266846361186,0.08201241744647676,0.0,0.0,60.85321374528576,14.931266846361186,0.0,0.0,1.0,1.0,0.019296424984932004,0.019296424984932004,0.08201241744647676,0.09053627401590347,0.09341577291139402,9.045080944080837,9.92474122014246,12.04875509411795,12.14992495156941,231,0
92,"\\"" The USS Ranger, an aircraft carrier in service from 1956 to 1993, is on its last voyage, a five-month journey to Texas to be scrapped at a shipyard in Browns shipbreaker'W browns shipbreaker'shipbreaking yard in Brownside of an Internet Shipdauaryaaua Tiannerfit into scrapero Cagersprofitable to be scrapy Going ships to be dismowner International Ship SV Todays line converged vision. After being towinglearsmireactionedare concrete usvanced shipbre\\""",11079,66.48040346207563,166.65061315881033,0.043010752688172046,0.7784339189529419,5.492061555152759,59.139603168470785,0.005337991079381784,0,11080,0.0,0,0.0,0.0,0.0,0.0,0.0,0.0,0.0,0.0,0.0,0.0,0.0,0.0,0.0,0.0,0.0,0.0,0,742,14.931266846361186,0.08201241744647676,0.0,0.0,60.85321374528576,14.931266846361186,0.0,0.0,1.0,1.0,0.019296424984932004,0.019296424984932004,0.08201241744647676,0.09053627401590347,0.09341577291139402,10.492932275985368,9.92474122014246,12.04875509411795,12.14992495156941,231,0
93,"\\"" On Tuesday, Fox announced the revival of ""The X-Files"" after a 13-year hiatus, with a six-episode ""event"" featuring the return of stars David Duchovny and Gillian Anderson as FBI agents Fox Mulder and Dana Scully. The series, which originally ran for nine seasons in the for nine seasons in the for nine seasons in the 
from 9 seasons in the for nine seasons in the for nine seasons in the for nine seasons in the airsightrse solution in the showrunseccaShow creator Work with return Fox Mul\\""",11079,66.48040346207563,166.65061315881033,0.03225806451612904,0.768268883228302,5.492061555152759,59.139603168470785,0.005337991079381784,0,11080,0.0,0,0.0,0.0,0.0,0.0,0.0,0.0,0.0,0.0,0.0,0.0,0.0,0.0,0.0,0.0,0.0,0.0,0,742,14.931266846361186,0.08201241744647676,0.0,0.0,60.85321374528576,14.931266846361186,0.0,0.0,1.0,1.0,0.019296424984932004,0.019296424984932004,0.08201241744647676,0.09053627401590347,0.09341577291139402,10.29990661307238,9.92474122014246,12.04875509411795,12.14992495156941,231,0
94,"\\"" Scientists have discovered that Mercury looks dark because microscopic meteorites with carbon have been hitting it and ""painting"" it black over millions of years. According to a paper published in Nature Geoscience, there is a lot of carbon dust near Mercury's orbit. Tests using a big NASA gun to simulate impacts showed that the theory is plausible. 

2.  In your opinion, what is the most interesting part of this article? Explain why.
3.  The article mentions that scientists have long been perplexed by Mercury's darkness. What do\\""",11079,66.48040346207563,166.65061315881033,0.05454545454545454,0.8005076050758362,5.492061555152759,59.139603168470785,0.005337991079381784,0,11080,0.0,0,0.0,0.0,0.0,0.0,0.0,0.0,0.0,0.0,0.0,0.0,0.0,0.0,0.0,0.0,0.0,0.0,0,742,14.931266846361186,0.08201241744647676,0.0,0.0,60.85321374528576,14.931266846361186,0.0,0.0,1.0,1.0,0.019296424984932004,0.019296424984932004,0.08201241744647676,0.09053627401590347,0.09341577291139402,10.207364161964506,9.92474122014246,12.04875509411795,12.14992495156941,231,0
95,"\\""\\""",11079,66.48040346207563,166.65061315881033,0.0,0.777259111404419,5.492061555152759,59.139603168470785,0.005337991079381784,0,11080,0.0,0,0.0,0.0,0.0,0.0,0.0,0.0,0.0,0.0,0.0,0.0,0.0,0.0,0.0,0.0,0.0,0.0,0,742,14.931266846361186,0.08201241744647676,0.0,0.0,60.85321374528576,14.931266846361186,0.0,0.0,1.0,1.0,0.019296424984932004,0.019296424984932004,0.08201241744647676,0.09053627401590347,0.09341577291139402,0.0,9.92474122014246,12.04875509411795,12.14992495156941,231,0
96,"\\"" The Donetsk People's Republic, a rebel group in Ukraine, announced on Saturday that all of their heavy weapons have been removed from the front lines in Donetsk, in accordance with a recent peace deal. In contrast, Col. Valentin Fedichev from the Kiev-backed Donetsk regional authority stated that Ukrainian forces have also withdrawn their weapons, but that 46 attacks occurred from Friday to Saturday, all of which were repelled. The United Nations Human Rights Office reported that despite multiple ceasefires, over 6,000000000\\""",11079,66.48040346207563,166.65061315881033,0.09090909090909091,0.8047507405281067,5.492061555152759,59.139603168470785,0.005337991079381784,0,11080,0.0,0,0.0,0.0,0.0,0.0,0.0,0.0,0.0,0.0,0.0,0.0,0.0,0.0,0.0,0.0,0.0,0.0,0,742,14.931266846361186,0.08201241744647676,0.0,0.0,60.85321374528576,14.931266846361186,0.0,0.0,1.0,1.0,0.019296424984932004,0.019296424984932004,0.08201241744647676,0.09053627401590347,0.09341577291139402,10.022390457103029,9.92474122014246,12.04875509411795,12.14992495156941,231,0
97,"\\"" Chris Evans and Chris Pratt, both actors from the Marvel Cinematic Universe, visited Seattle Children's Hospital and Boston Children's Hospital, respectively, as part of a Super Bowl bet. During their visits, they spent time with young patients, signed autographs, and took photos, making the experience a memorable one for the kids and their families. Both actors were moved by the visit, with Evans expressing his admiration for the children's strength and their strength and their strength ands courage and their strength and feeling brave attest hurt at Seattle Children's's's' Superh Apol\\""",11079,66.48040346207563,166.65061315881033,0.05128205128205128,0.8065709471702576,5.492061555152759,59.139603168470785,0.005337991079381784,0,11080,0.0,0,0.0,0.0,0.0,0.0,0.0,0.0,0.0,0.0,0.0,0.0,0.0,0.0,0.0,0.0,0.0,0.0,0,742,14.931266846361186,0.08201241744647676,0.0,0.0,60.85321374528576,14.931266846361186,0.0,0.0,1.0,1.0,0.019296424984932004,0.019296424984932004,0.08201241744647676,0.09053627401590347,0.09341577291139402,9.531872150953859,9.92474122014246,12.04875509411795,12.14992495156941,231,0
98,"\\"" A new amendment that redefines marriage to include same-sex couples has been voted and passed by the Presbyterian Church (USA). This vote allows same-sex marriage ceremonies to be conducted in Presbyterian churches, however it is not required for all pastors independently. There is willing ministers ministers Ministers all ministersessions or forced ministers ministers ministers and does not all churches in states where it's ministers who feel freeing Ministers between ""No ministers”accountsurgheres includin Baptisturediances and respectingues for all members\\""",11079,66.48040346207563,166.65061315881033,0.03738317757009346,0.7988918423652649,5.492061555152759,59.139603168470785,0.005337991079381784,0,11080,0.0,0,0.0,0.0,0.0,0.0,0.0,0.0,0.0,0.0,0.0,0.0,0.0,0.0,0.0,0.0,0.0,0.0,0,742,14.931266846361186,0.08201241744647676,0.0,0.0,60.85321374528576,14.931266846361186,0.0,0.0,1.0,1.0,0.019296424984932004,0.019296424984932004,0.08201241744647676,0.09053627401590347,0.09341577291139402,9.327919185045175,9.92474122014246,12.04875509411795,12.14992495156941,231,0
99,"\\"" Gene Simmons, front man of KISS, is teaming up with WWE to launch Erebus Pictures, a company that will produce and finance horror movies. Their first film, Temple, begins shooting this summer and follows a team of operatives who become trapped in an isolated military compound and experience strange occurrences. Erebus Pictures' second feature will go into production later this year.\\""",11079,66.48040346207563,166.65061315881033,0.09345794392523364,0.8181478381156921,5.492061555152759,59.139603168470785,0.005337991079381784,0,11080,0.0,0,0.0,0.0,0.0,0.0,0.0,0.0,0.0,0.0,0.0,0.0,0.0,0.0,0.0,0.0,0.0,0.0,0,742,14.931266846361186,0.08201241744647676,0.0,0.0,60.85321374528576,14.931266846361186,0.0,0.0,1.0,1.0,0.019296424984932004,0.019296424984932004,0.08201241744647676,0.09053627401590347,0.09341577291139402,6.782817751984112,9.92474122014246,12.04875509411795,12.14992495156941,231,0
100,"\\"" Ben Rubin is the CEO of Life on Air Inc. and co-founder of the popular app Meerkat. He was interviewed by CNNMoney correspondent Laurie Segall on Meerkat as part of CNN's Instant Startups series. Rubin discussed the future of Meerkat and how it may expand to other platforms and expressed his desire to have celebrities such as Oprah and Stephen Hawkany one very important figures like-Taylor Swift join in on the President Obama join in on the Pope Francis Ford join the President Obama Wild turn to join the Pope Francis Fordo\\""",11079,66.48040346207563,166.65061315881033,0.03846153846153846,0.8146342635154724,5.492061555152759,59.139603168470785,0.005337991079381784,0,11080,0.0,0,0.0,0.0,0.0,0.0,0.0,0.0,0.0,0.0,0.0,0.0,0.0,0.0,0.0,0.0,0.0,0.0,0,742,14.931266846361186,0.08201241744647676,0.0,0.0,60.85321374528576,14.931266846361186,0.0,0.0,1.0,1.0,0.019296424984932004,0.019296424984932004,0.08201241744647676,0.09053627401590347,0.09341577291139402,8.481075396994129,9.92474122014246,12.04875509411795,12.14992495156941,231,0
