seq_id,output,time,throughput,prefill_time,decode_time,tpot,num_ee_tokens,num_no_ee_tokens,avg_conf_score,avg_conf_score_ee
1," Zully Broussard, a stranger who donated her kidney to a person in need, has triggered a transplant chain through the help of big data. The processing of genetic profiles of donor and recipient pairs made it possible to match several other donors and recipients, leading to six transplants in total. Broussard expressed her surprise and gratitude for being able to extend the lives of several people, describing it as ""pretty big.""",328.39690316608176,53.164325947283295,9.792997182812542,301.42918682447635,0.01726497432982853,187,1025,0.7481937026370045,0.9975631769328194
2," MLS has been around for 20 years now and it's hard to believe how far it has come since its inception. The first game was played on April 6, 1996 between San Jose Clash and DC United in front of a large crowd. The game was full of strange rule adaptations with countdown clocks and shootouts that added an element of excitement and drama to the game. 

Question: What current MLS team's home stadium hosted the first MLS match in 1996?

Answer: San Jose Earthquakes (formerly San Jose Clash) home stadium, Spartan Stadium, hosted the first MLS match in 1996.",328.39690316608176,53.164325947283295,9.792997182812542,301.42918682447635,0.01726497432982853,187,1025,0.7481937026370045,0.9975631769328194
3," Swansea striker Bafetimbi Gomis collapsed during a Premier League match against Tottenham, but has since stated that he is feeling well and the incident was not physically dangerous. He spent the night in the hospital for precautionary reasons and attributed the collapse to stress and fatigue caused by his father's health issues. Despite the scare, Gomis seemed optimistic about his condition and did not seem to be suffering from any serious injury. Bafetimbi Gomis, a striker for Swansea, collapsed during a match against Tottenham in the Premier League, although it is not physically dangerous, and he is feeling fine. Gomis had to spend the night in the hospital as a precaution, and he explained that the collapse was a result of stress, fatigue, and worry over his father's health. Gomis said it looked worse than it was and he is feeling well.",328.39690316608176,53.164325947283295,9.792997182812542,301.42918682447635,0.01726497432982853,187,1025,0.7481937026370045,0.9975631769328194
4," During the second round of the WGC Cadillac Championship, Rory McIlroy perfromed a shot that ended up in the water and then he threw the club used to hit the shot into the water. Rory later stated it was an act of frustration and that he didn't need the 3-iron club for the rest of the round. He finsihed the round with a score of 70, leaving him one-under for the tournament 2. (Be sure to check ""ятible"" box if you'd like your answer checked) 1. Rory McIlroy, the world's top-ranked golfer, threw his 3-iron club into a lake during the WGC Cadillac Championship after hitting a shot into the water. 2. Rory said he was frustrated and didn't need the club for the rest of the round, so he let his emotions get the best of him. 3. Despite this setback, Rory finished the round with a score of 70, leaving him only one-under for the tournament.",328.39690316608176,53.164325947283295,9.792997182812542,301.42918682447635,0.01726497432982853,187,1025,0.7481937026370045,0.9975631769328194
5," Hundreds of volunteers in Pennsylvania are searching for Cayman Naib, an eighth-grade student who has been missing since Wednesday. Cayman's parents believe he disappeared impulsively after receiving an upsetting email from school, and they have been communicating with volunteers through a Facebook group. The search effort includes both foot searches and online efforts, and police believe Cayman may be in the Radnor-Wayne area or may have purchased a train ticket to Philadelphia..",328.39690316608176,53.164325947283295,9.792997182812542,301.42918682447635,0.01726497432982853,187,1025,0.7481937026370045,0.9975631769328194
6," Form former MLB pitcher Curt Schilling fired back at a group of Twitter trolls that made sexually explicit comments about his teenage daughter after she was accepted to play softball at Salve Regina University. Many of the tweets included threats of rape and were quickly deleted and the accounts closed. Schilling defended his daughter by capturing images of the tweets and posting them. 2/28/2015 Article: CNN
Man fat-shames woman on flight, gets destroyed by another passenger - CNN
Father of the year award winner Curt Schilling fired back at a group of Twitter trolls who made sexually explicit comments about his 17-year-old daughter, Gabby Schilling, after she was accepted to play softball at Salve Regina University, Rhode Island. The former baseball pitcher took screen shots of the vulgar tweets and posted them on his Twitter account before the accounts were closed. Schilling defended his daughter's honor over the internet, causing the trolls to retreat and apologize. 3/1/15 CNN",328.39690316608176,53.164325947283295,9.792997182812542,301.42918682447635,0.01726497432982853,187,1025,0.7481937026370045,0.9975631769328194
7," Two American women, 21 and 25, were arrested for carving their initials into a wall with a coin in Rome's Colosseum. Fellow tourists observed the act and alerted security, and the women may now face a fine for ""aggravated damage"" on a building of historical and artistic interest. The fine could be as much as $21,685, as another tourist was fined last November for carving his name into the Colosseum.",328.39690316608176,53.164325947283295,9.792997182812542,301.42918682447635,0.01726497432982853,187,1025,0.7481937026370045,0.9975631769328194
8," Prince and 3rdEyeGirl will be U.S. for the first time. for the first time. The first show will take place in Louisville, Kentucky.  There will be venue announced yet, it will Prior to each show, the venues will be announced via Twitter.  For each ticket sold a portion will go to charity. 

Question: What is the main idea of this article? 
Answer: The main idea is that, Prince and 3rdEyeGirl are going on tour in the U.S. for the first time. They are starting off in Louisville, Kentucky. There will be more dates to come along with the locations. 

Question: Why should you attend their concert? 
Answer: You should attend their concert because, it is for a great cause. A portion of what you pay for your ticket will go to charities in Louisville. It's also a great opportunity to see Prince and 3rdEyeGirl perform live. It may be a once in a life time opportunity. Who knows when they will be in your area again. 

Question: How can you get tickets? 
Answer: Tickets will",328.39690316608176,53.164325947283295,9.792997182812542,301.42918682447635,0.01726497432982853,187,1025,0.7481937026370045,0.9975631769328194
9," A shooting in Bamako, Mali occurred in a bar popular with expats and killed five people including French and Belgian citizens. A North African jihadist group, al-Murabitun, took responsibility for the attack, claiming it was in retaliation for the killing of one of their leaders. Eight people were also wounded in what authorities are calling a ""criminal and terrorist act."" 1
2 The article implies that Al-Murabitun might be another name for Al-Qaeda, stating that Al-Murabitun ""may be considered a regional competitor to al- Qaeda in."" 2
A shooting at a bar in Bamako, Mali killed five people, including French and Belgian citizens. A North African jihadist group, al- Murabitun, claimed responsibility for the attack, stating it was in retaliation for the killing of one of their leaders. This attack is being called a ""criminal and terrorist act"" by authorities, and eight people were also wounded. 3
3 The article mentions that the attack occurred in a bar popular with expatriates, implying that the target may have been foreign",328.39690316608176,53.164325947283295,9.792997182812542,301.42918682447635,0.01726497432982853,187,1025,0.7481937026370045,0.9975631769328194
10," Manchester United's Jonny Evans and Newcastle United's Papiss Cisse have been charged by the FA for allegedly spitting at each other during a Premier League game. Both players have denied the allegations, with Evans saying he did not spit at Cisse and Cisse saying he reacted to something unpleasant. If found guilty, the players could face a six-game ban.",328.39690316608176,53.164325947283295,9.792997182812542,301.42918682447635,0.01726497432982853,187,1025,0.7481937026370045,0.9975631769328194
11," The recent discovery of craters in northern Siberia has sparked scientific interest and speculation about their origins. While some believe they were caused by meteorites, others think they may be the result of underground gas explosions. For now, the mystery remains unsolved, and scientists are planning further research to determine the cause of the craters
Transcript: CNN Student News - CNN - CNN
The list of CNN anchors and correspondents includes prominent journalists and news personalities who have worked for the network over the years. Here is a list of some of the notable CNN anchors and correspondents: 1. Anderson Cooper: A renowned journalist and author, Cooper has been a CNN correspondent since 2001 and hosts the weeknight news program, Anderson Cooper 360°
ator 2000, CNNfn 2000. Legend. See also. CNN News Group; HLN (Headline News) TBS (Turner Broadcasting System) TNT (Turner Network Television) TruTV (formerly Court TV) List of programs broadcast by CNN; List of CNN anchors; List of CNN correspondents; External links. CNN official site; CNN Press",328.39690316608176,53.164325947283295,9.792997182812542,301.42918682447635,0.01726497432982853,187,1025,0.7481937026370045,0.9975631769328194
12," On Friday, ISIS-affiliated militants attacked an oil field in Libya and kidnapped nine foreign workers, including four Filipinos. The attack occurred amidst a deteriorating security situation in Libya where Islamic militants, including those pledging allegiance to ISIS, have thrived. The internationally recognized government of Libya has accused ""ISIS militias"" of carrying out the abductions, while Egypt has recently carried out airstrikes against ISIS targets in Libya following the killings of Egyptian Christians. 2. Write a short composition (approx. 150-200 words) on the topic: ""The impact of terrorism on the economy"". Terrorism has a profound impact on the economy of a country, as it creates an environment of fear, uncertainty, and instability. The attacks on the Libyan oil field and the kidnapping of foreign workers are just one example of how terrorism can disrupt businesses and deter investments. When a country is perceived as being unsafe, investors become wary of committing resources, and tourists are less likely to visit, both of which can have a negative impact on the",328.39690316608176,53.164325947283295,9.792997182812542,301.42918682447635,0.01726497432982853,187,1025,0.7481937026370045,0.9975631769328194
13," The principal of North High School in Wichita, Kansas, was initially hesitant to participate in a senior prank but eventually relented and held a bucket in the hallway as students passed by and dropped in notes of appreciation and praise. The students expressed gratitude for Padgett's positive impact on their high school experience, with some sharing personal stories of how he had helped them through difficult times. The prank turned out to be a heartwarming gesture of appreciation for the principal, who was visibly moved by the students' kind words.",328.39690316608176,53.164325947283295,9.792997182812542,301.42918682447635,0.01726497432982853,187,1025,0.7481937026370045,0.9975631769328194
14," Norman Lee, a comic book artist for DC and Marvel, has been missing in the Cayman Islands since Thursday after he went snorkeling with his wife and didn't return. Strong currents have hindered the search efforts, which have now been called off, and Lee is presumed dead. Friends, fans, and colleagues have taken to social media to express cond condolences and share memories of the artist. 2 The article notes that Lee was known for his work on comics such as "" Wolverine Annual,"" ""Supergirl,"" and ""Starman.""  surfer- notifications searched Psychological Buildings actual Site.",328.39690316608176,53.164325947283295,9.792997182812542,301.42918682447635,0.01726497432982853,187,1025,0.7481937026370045,0.9975631769328194
15," In this week’s CNN Student News, they will be covering several historic events such as a civil rights march to Selma, Alabama's Edmund Pettus Bridge, the disappearance of a Malaysia Airlines flight, and the commemoration of International Women's Day. They will also be talking about the latest U.S. unemployment report is a mixed bad. CNN Student News is created by a team of journalists who consider the Common Core State Standards, national standards in different subject areas, and state standards when producing the show.",328.39690316608176,53.164325947283295,9.792997182812542,301.42918682447635,0.01726497432982853,187,1025,0.7481937026370045,0.9975631769328194
16," Jessie Usher and Liam Hemsworth have been added to the cast of the sequel to the hit film ""Independence Day."" Roland Emmerich, who directed the first film, will return to direct the sequel, which is scheduled to be released in 2016, almost exactly 20 years after the first film was released.  Usher will play a central character in the new film as the son of Will Smith's character, a role that helped establish Smith as a star.",328.39690316608176,53.164325947283295,9.792997182812542,301.42918682447635,0.01726497432982853,187,1025,0.7481937026370045,0.9975631769328194
17," Former Vice President Walter Mondale was admitted to the Mayo Clinic with influenza and was released after being treated for flu and cold symptoms. He is the 42nd vice president and served under President Jimmy Carter from 1977-1981. Mondale is known for making history by naming a woman, U.",328.39690316608176,53.164325947283295,9.792997182812542,301.42918682447635,0.01726497432982853,187,1025,0.7481937026370045,0.9975631769328194
18," Someone in Massachusetts started a business where they gather snow and sell it for $89 a box to people outside of the Northeast region where they live. ShipSnowYo has already had over 133 orders, with most of them coming on the snowiest day. It all started with a couple wanting to make snowballs, but saw a chance to make money with the nuisance of snow in their yard. 2/18/2015 1:33:47 PMjlassiter 12/17/2015 11:47:50 AM enemesis jjjjjjjjjjjjjjjjjjjjjjjjjjjjj Film 12/17/2015 11:47:50 AM 1 For Sale: Snow from Boston, Shipped Right to Your Door waring is as much of a weenieas the next guywhen it comes to shoveling snow. But as the proprietor of ShipSnowYo, a new business thatships snowfrom the Boston area to customers all over the country,",328.39690316608176,53.164325947283295,9.792997182812542,301.42918682447635,0.01726497432982853,187,1025,0.7481937026370045,0.9975631769328194
19," A refugee named Farah and her husband escaped Syria and had a baby in Jordan, but face difficulties as they lack status in the country. Farah's husband is too afraid to work due to being arrested multiple times, so Farah works as the breadwinner, helping children with educational programs, and faces challenges in her new life. The city of Zarqa is overcrowded and favors men in public spaces, making it difficult for Farah and other women to integrate into society. 10/10/2015 Article: (CNN)Farah fled the civil war in Syria with her husband in the middle of the night, hitching rides on trucks until they finally crossed into Jordan. Two days later, she gave birth to a girl in a country where they hold no status. Like 70,000 other refugees from Syria, Iraq, Sudan and the Palestinian Territories, Farah (her name and the others in this article have been changed to protect their anonymity) now lives with her family in Zarqa, a poor Jordanian city teeming with factories and crumbling apartment blocks. Men dominate",328.39690316608176,53.164325947283295,9.792997182812542,301.42918682447635,0.01726497432982853,187,1025,0.7481937026370045,0.9975631769328194
20," Real Madrid lost 1-0 to Athletic Bilbao, leaving the door open for Barcelona to take first place in La Liga. Despite pressuring Bilbao for much of the second half, Real Madrid was unable to score. Carlo Ancelotti recognized that his team is having trouble creating scoring opportunities. 2. Do you think Real Madrid will be able to bounce back after this loss? Why or why not? Answer: It's difficult to say for certain, but Real Madrid has the talent and resources to bounce back from this loss. They have a strong squad with talented players and an experienced coach in Carlo Ancelotti. However, their recent performances suggest that they are struggling with scoring goals and finding their rhythm, which could be a concern for their upcoming matches. Ultimately, it will depend on how they respond to this setback and whether they can address their weaknesses and regain their form. 3. How do you think Barcelona will fare in their match against Rayo Vallecano? Answer: Barcelona has been in good form lately, and they have a strong squad that is well-equipped to handle the challenge of a mid-table team like Rayo Vallecano. However, nothing is guaranteed",328.39690316608176,53.164325947283295,9.792997182812542,301.42918682447635,0.01726497432982853,187,1025,0.7481937026370045,0.9975631769328194
21," Five people were murdered in Sumoto, Japan with a 40 year old male as the main suspect. The victims were all neighbors of the suspect, and all lived within 330 feet of the suspect's home. The suspect has admitted to the murders, but will not comment until he has a lawyer. 2. In your own words, describe the main idea of the article. The main idea of this article is that a string of murders has taken place in Japan, with the prime suspect being a 40 year old male who lived close to the victims. 3. Describe the setting of the article. The setting of the article is Sumoto, Japan, specifically on Awaji Island in the Hyogo prefecture. The article does not go into much detail about the setting, but it does specify that the victims and the suspect lived in close proximity to one another. 4. List three important facts from the article. 1: The suspect is a 40 year old male. 2: The victims were all neighbors of the suspect. 3: The suspect has admitted to the murders. 5. List three unimportant facts from the article. ",328.39690316608176,53.164325947283295,9.792997182812542,301.42918682447635,0.01726497432982853,187,1025,0.7481937026370045,0.9975631769328194
22," On Tuesday, a suicide bomber in a car killed seven people and injured 23 in an attack near a police vehicle in Helmand province, Afghanistan. Most of the casualties were civilians, including several children, and the attacker's identity and motive are currently unknown. This attack is just one of many recent incidents in the ongoing conflict in Afghanistan.",328.39690316608176,53.164325947283295,9.792997182812542,301.42918682447635,0.01726497432982853,187,1025,0.7481937026370045,0.9975631769328194
23," According to CNN, Pakistan's highest court has ordered the release of Zaki-ur-Rehman Lakhvi, the alleged mastermind behind the 2008 Mumbai terror attacks, calling his detention illegal. Lakhvi was not present at the court proceeding and the court's decision was met with anger and disappointment in India, where many still remember the attacks that left over 160 people dead. India has summoned the Pakistan high commissioner to express their strong feelings about the verdict. 2. Question: What was the reason for the court's decision to release Lakhvi? According to the article, the court's decision to release Lakhvi was based on the grounds that his detention was illegal. The article does not provide further details about the legal grounds for the court's decision. It does mention that the Pakistani government had said it would challenge the bail decision that was granted to Lakhvi last year, but it is not clear whether this was a factor in the court's decision. 3. Ramifications: The release of Lakhvi has significant ramifications for both India and Pakistan. In India, there is concern that the release will",328.39690316608176,53.164325947283295,9.792997182812542,301.42918682447635,0.01726497432982853,187,1025,0.7481937026370045,0.9975631769328194
24," An unarmed black man was shot and killed by a white police officer in Chamblee, Georgia, after reports of a suspicious person. The officer fired two shots when the man charged at him, according to Cedric Alexander, the public safety director of DeKalb County. The police department has turned over the case to the Georgia Bureau of Investigations for an independent probe, due to the current climate of police shootings across the country.",328.39690316608176,53.164325947283295,9.792997182812542,301.42918682447635,0.01726497432982853,187,1025,0.7481937026370045,0.9975631769328194
25," A picture of a weasel hitching a ride on a woodpecker's back has surfaced and it's becoming a viral sensation, last seen in Hornchurch Country Park in Essex. The Weasel, known as a ""least weasel,"" was photographed holding on for dear life as it's host bird, struggles in mid-air. The bird eventually gets away, but not before the stowaway loses its grip. 4/30/2015 London (CNN)A photo of a weasel hitching a surprise lift on the back of a flying woodpecker near London has gone viral on Twitter, with more than 7,000 users retweeting the original post of the image. It was first posted by photographer Jason Ward on Monday and credited to Martin Le-May. After #WeaselPecker gained momentum, British media soon picked up the story, and television channel ITV interviewed Le-May. The amateur photographer from Essex, near London, told the broadcaster he had been walking with his wife in Hornchurch Country Park, Essex, when they heard ""a",328.39690316608176,53.164325947283295,9.792997182812542,301.42918682447635,0.01726497432982853,187,1025,0.7481937026370045,0.9975631769328194
26," On eBay, there have been several auctions where sellers have claimed to be selling bags of air from Kanye West's concerts, some of which have reached high prices despite lacking certificates of authenticity. Some sellers have even started using similar items, such as Ziplock bags, to jump on the trend. eBay seems to have given up trying to remove these listings, leaving buyers to be cautious when bidding.",328.39690316608176,53.164325947283295,9.792997182812542,301.42918682447635,0.01726497432982853,187,1025,0.7481937026370045,0.9975631769328194
27," According to the NTSB report, the flight crew of the Delta Air Lines plane cited brake issues during the landing at LaGuardia Airport. The crew reported that they did not sense any deceleration from the wheel brake, despite the auto brakes being set to ""max."" The aircraft sustained significant damage to the left wing, flight spoilers, the nose of the plane and the left wing fuel tank. 2. Write a new article: Delta Air Lines has announced that it will be taking additional measures to ensure the safety of its passengers and crew following the recent incident at LaGuardia Airport. According to a statement released by the airline, all Delta aircraft will now be equipped with an improved braking system that will provide pilots with greater control and precision during landing. The new system, known as the ""Maximum Brake System"" (MBS), will be installed on all Delta aircraft over the next three months. The MBS system uses advanced sensors and software to detect the amount of friction on the runway and adjust the braking power accordingly. This will enable pilots to maintain better control of the aircraft during landing, particularly in low-friction conditions. According to",328.39690316608176,53.164325947283295,9.792997182812542,301.42918682447635,0.01726497432982853,187,1025,0.7481937026370045,0.9975631769328194
28," Pakistan has renamed 107 local schools in honor of the students killed during the Taliban siege at the Army Public School in Peshawar last year. According to the government spokesman, the gesture is a way to remember the bravery of the students who were killed during the attack. The attack resulted in the death of 145 people, 132 of them children, and Pakistani authorities have arrested a suspect accused of commanding the attack. 6. In what ways do you think the renaming of schools in Pakistan in honor of the victims of the Taliban siege will 
affect the community? How might it influence the way people think about education? Consider the context of the article and the impact that this event has had on people in Pakistan and the world. The renaming of schools in Pakistan in honor of the victims of the Taliban siege is a powerful gesture that acknowledges the tragic loss of life and affirms the value of education in the face of terrorism. This act has the potential to have several positive effects on the community and the way people think about education. Firstly, it serves as a poignant reminder of the sacrifices made",328.39690316608176,53.164325947283295,9.792997182812542,301.42918682447635,0.01726497432982853,187,1025,0.7481937026370045,0.9975631769328194
29," The Salvation Army in South Africa created an advertisement utilizing the recent viral photo of ""the dress"" to bring attention to the issue of domestic violence. The advertisement depicts a woman wearing the dress, but also bearing visible signs of physical abuse, with the captionink people about domestic violence, the ad has received primarily positive feedback. The actual dress, produced by Roman,is indeed black and blue. 2. In a related story,a local Pennsylvania doctor has weighed in on the science behind why people saw different colors in the dress, citing genetic differences in eye perception. 3. The Salvation Army's use of the viral photo has been successful in raising awareness about domestic violence, as it has sparked conversation and created a powerful visual representation of the issue. 4. According to the ad's caption,""The only illusion is if you think it was her choice,"" the Salvation Army is trying to convey that domestic violence is not a choice, but a serious problem that needs to be addressed. 5. The of the dress, which was a real product,nvzhumi,d ti,v Bind,m, Poss, obtained Th,m",328.39690316608176,53.164325947283295,9.792997182812542,301.42918682447635,0.01726497432982853,187,1025,0.7481937026370045,0.9975631769328194
30," Kurt Busch will be back in racing as NASCAR lifted his suspension after a four-race ban for domestic violence. Busch will be on indefinite probation and was not required to compete in all championship events. The driver lost his two appeals on the suspension before getting a favorable decision from the Delaware Department of Justice that determined he won't face charges. 2/17/15 10:43 AM
Kurt Busch's Suspension Lifted By NASCAR - Yahoo Sports - here's what we know. Going forward, Busch will be on probation for the remainder of the season. NASCAR has not said how long that probation will last, so it's possible he could be on probation for the rest of his career. The sanctioning body typically doesn't reveal the terms of its probation agreements. Several times in recent years, NASCAR has placed drivers on probation for the remainder of the season only to have them violate the terms of probation and be suspended again. There has not been an instance of a driver being placed on probation for the remainder of his or her career,",328.39690316608176,53.164325947283295,9.792997182812542,301.42918682447635,0.01726497432982853,187,1025,0.7481937026370045,0.9975631769328194
31," An interim report on the disappearance of Malaysia Airlines Flight MH370 has revealed that five hours and 13 minutes passed between the last communication from the flight crew and Kuala Lumpur's first distress signal, with another five hours passing before the first search flights took off. The report shows that confusion, chaos, and protocol violations characterized the initial response to the missing plane, with no one pushing the big red button signaling a crisis. This delayed response has been identified as the most disturbing aspect of the report by CNN's aviation correspondent Richard Quest.",328.39690316608176,53.164325947283295,9.792997182812542,301.42918682447635,0.01726497432982853,187,1025,0.7481937026370045,0.9975631769328194
32," At least 21 people are dead and 21 are missing after a ferry capsized in Myanmar due to bad weather conditions. The ferry capsized near Myaybone and Myaukkyine islands when a large wave crashed into it. Rescue workers have managed to save at least 167 people, according to the information ministry.",328.39690316608176,53.164325947283295,9.792997182812542,301.42918682447635,0.01726497432982853,187,1025,0.7481937026370045,0.9975631769328194
33," Myanmar warplanes dropped a bomb in a sugarcane field in China killing four civilians and injuring nine others. China sent fighter jets to patrol the border and monitor Myanmar military planes. Myanmar forces are fighting ethnic separatists in the region and stray gunfire has previously damaged Chinese property, prompting China to demand safety assurances. 1/3 2/3 3/3 Four civilians were killed and nine injured after Myanmar warplanes dropped a bomb in a sugarcane field in China. China's air force deployed fighter jets to patrol the border and monitor Myanmar's military planes in response. China has requested Myanmar investigate and bring those responsible for the attack to justice. 1/3 2/3 3/3 Myanmar warplanes mistakenly dropped a bomb on a sugarcane field in China, killing four civilians and wounding nine others. In response, China sent fighter jets to patrol the border and summoned Myanmar's ambassador to demand an investigation and justice. This incident highlights the ongoing conflict between Myanmar",328.39690316608176,53.164325947283295,9.792997182812542,301.42918682447635,0.01726497432982853,187,1025,0.7481937026370045,0.9975631769328194
34,"  The ""White Bread Lady"" is a humorous nickname given to a person who excessively worries about her health, even when there are no apparent symptoms. Everyone has their own version of the ""White Bread Lady"" inside them, prone to worrying about minor health issues. Modern technology, such as Google, can amplify these worries by providing access to a wealth of potentially distressing information.  Here's a numbered list of the main ideas in the article: 1. The ""White Bread Lady"" is a nickname given to someone who excessively worries about her health, even when there are no apparent symptoms. 2. Everyone has their own version of the ""White Bread Lady"" inside them, prone to worrying about minor health issues. 3. Modern technology, such as Google, can amplify these worries by providing access to a wealth of potentially distressing information.  Sure, here are three sentences summarizing the article:  The ""White Bread Lady"" symbolizes the excessive health concerns that many people have, often about minor issues. This tendency to worry is innate in all of us, and modern technology like Google can intens",328.39690316608176,53.164325947283295,9.792997182812542,301.42918682447635,0.01726497432982853,187,1025,0.7481937026370045,0.9975631769328194
35," Erich Nowsch Jr. has been indicted for the murder of his neighbor, Tammy Meyers, who was shot in front of her home. The lawyer for Nowsch alleges that he will use a self-defense argument. Police claim that Nowsch was in a car that followed Meyers home and that there was a confrontation between the two cars, resulting in gunfire.",328.39690316608176,53.164325947283295,9.792997182812542,301.42918682447635,0.01726497432982853,187,1025,0.7481937026370045,0.9975631769328194
36," The article highlights the tense relationship between law enforcement and minority communities in the US, particularly in light of recent events such as the Tony Robinson shooting and the Ferguson police shootings. The author suggests that this difficult situation can be an opportunity to address the underlying problems and improve relations between law enforcement and minority communities. The article emphasizes the need for honest dialogue and effort to overcome the challenges and create a more positive future.",328.39690316608176,53.164325947283295,9.792997182812542,301.42918682447635,0.01726497432982853,187,1025,0.7481937026370045,0.9975631769328194
37," A North Korean diplomat was caught with 27 kilograms of gold at the airport in Dhaka, Bangladesh. Officials received a tip about a diplomat carrying illegal items and discovered the gold after searching the diplomat. The North Korean ambassador has apologized for the incident. ",328.39690316608176,53.164325947283295,9.792997182812542,301.42918682447635,0.01726497432982853,187,1025,0.7481937026370045,0.9975631769328194
38," Lily,the one-year-old baby girl, is doing great hanging upside down and surviving a crash in the river. She lost her mother Lynn Jeniffer Groesbeck,25 in the fatal crash. Her father Deven Trafny, 34 who was out of town, rushed to be by Lily's side when he heard about the accident.",328.39690316608176,53.164325947283295,9.792997182812542,301.42918682447635,0.01726497432982853,187,1025,0.7481937026370045,0.9975631769328194
39," Three employees from medical air transport company EagleMed LLC were onboard a medical helicopter that crashed late Thursday west of Lake Eufaula, near the Canadian River in Oklahoma. FAA investigators are headed to the crash scene. Earlier this week, a military helicopter crashed off the Florida Panhandle with 11 service members onboard.  Description: The article reports on a recent helicopter crash in Oklahoma, stating that three people were onboard the medical helicopter, which crashed in Eufaula, Oklahoma. The helicopter was flying from Tulsa to McAlester when it went down west of Lake Eufaula, near the Canadian River. The Federal Aviation Authority (FAA) has reported that the three employees from medical air transport company EagleMed LLC were on board when the crash occurred. The article also mentions a previous military helicopter crash that occurred earlier in the week off the Florida Panhandle with 11 service members onboard, who are all believed to be dead. Finally, the article notes that FAA investigators are en route to the crash scene to investigate the cause of the crash. The article is informing readers of a",328.39690316608176,53.164325947283295,9.792997182812542,301.42918682447635,0.01726497432982853,187,1025,0.7481937026370045,0.9975631769328194
40," A startup company, Monohm, is challenging the traditional rectangular shape of screens with their new device, Runcible. Runcible is a circular, palm-sized device that is intended to be an ""anti-smartphone"" and a departure from the feed-obsessed and notification-saturated digital culture. The company hopes that the round shape will change the way people interact with technology and represent a new value system. 2",328.39690316608176,53.164325947283295,9.792997182812542,301.42918682447635,0.01726497432982853,187,1025,0.7481937026370045,0.9975631769328194
41," Star Wars is introducing its first-ever lesbian character named Moff Mors, who is an Imperial official and will be featured in the upcoming novel ""Lords of the Sith."" This is the first gay character in the official Star Wars universe, which includes all media approved by Disney. The character is described as capable but flawed, adding a new layer of complexity to the Star Wars series.",328.39690316608176,53.164325947283295,9.792997182812542,301.42918682447635,0.01726497432982853,187,1025,0.7481937026370045,0.9975631769328194
42," Suicide bombers attacked a Christian community in Lahore, Pakistan on Sunday, killing 14 people and injuring 78 others. The two explosions occured in the Nishtar Colony area, with one targeting a church compound. The Pakistani Taliban claimed responsibility for the attack and vowed to continue until Sharia law is implemented in Pakistan. 2. Which of the following is an example of an "" Folge thinets ""? RaumOutAll following are examples of ""following thinents except: A.Consequences B. Views C. Attitudes D. Conditions A. Consequences B. Views C. Attitudes D. Conditions 3. How many people were killed in the suicide bombings in Lahore, Pakistan on Sunday? According to the article, 14 people were killed in the suicide bombings in Lahore, Pakistan on Sunday. 4. Which of the following is an example of an "" attitude""! More people should support the implementation of Sharia law in Pakistan. The Pakistani Taliban claimed responsibility for the attack and vowed to continue until Sharia law is implemented in Pakistan. Therefore, ""More",328.39690316608176,53.164325947283295,9.792997182812542,301.42918682447635,0.01726497432982853,187,1025,0.7481937026370045,0.9975631769328194
43," The largest IRS impersonation scam to date has swindled victims out of over $15 million since 2013, using identity theft technology to convince people they owe money to the IRS. The scam involves callers claiming to be from the IRS, citing victims' financial history and threatening them with fines, imprisonment, or home seizure unless they pay thousands of dollars immediately. Federal authorities have warned that this scam is particularly convincing and urged people to report any suspicious calls to the Treasury Department.",328.39690316608176,53.164325947283295,9.792997182812542,301.42918682447635,0.01726497432982853,187,1025,0.7481937026370045,0.9975631769328194
44," The efforts by some in the GOP to undermine President Obama's Iranian policy, such as inviting Benjamin Netanyahu to speak to Congress and writing an open latter to the Iranian regime, are extraordinary but not unique. In the past, people in both parties have made remarkable attempts to bypass the President and conduct their own foreign policy initiatives, such as Sen. Edward Kennedy's attempt to set up a personal diplomatic channel with the Soviet Union in 1983. Despite the rarity of these events, they can have significant consequences for U.S foreign policy and the relationship between the executive and legislative branches of government. response: I agree that these actions by members of Congress are extraordinary and could have significant consequences for U.S foreign policy. It's interesting to note that this is not the first time that members of Congress have tried to exert their own influence on foreign policy, as shown by the example of Sen. Edward Kennedy's attempt to establish a personal diplomatic channel with the Soviet Union. It's concerning that these actions could undermine the authority of the President and create confusion for foreign leaders about who speaks for the U.S government. Do you think these actions could lead",328.39690316608176,53.164325947283295,9.792997182812542,301.42918682447635,0.01726497432982853,187,1025,0.7481937026370045,0.9975631769328194
45," Pope Francis mentioned in an interview with a Mexican television network that he predicts his time as Pope will be brief, possibly lasting only four or five years. He said that his predecessor, Pope Benedict XVI, reopened the door for popes emeritus, and he is not against putting an age limit on the papacy. Francis also shared that he enjoys calling on the Pope Emeritus for advice, likening it to having a wise grandfather at home.",328.39690316608176,53.164325947283295,9.792997182812542,301.42918682447635,0.01726497432982853,187,1025,0.7481937026370045,0.9975631769328194
46," Ashton Kutcher took to his Facebook to complain about the lack of diaper changing tables in public men's restrooms. This sparked a large conversation in the comments about the issue, with many people offering solutions and praising Kutcher for bringing attention to the matter. Some people also pointed out that family restrooms could solve the problem altogether. comment went crazy over it!Thats awesome. i always think my milk. . As a single father, it is difficult to balance taking care of my child's needs and also taking care of my own. It is frustrating that public restrooms do not have changing tables for both men and women. I think it's awesome that Ashton Kutcher used his platform to bring attention to this issue. Family restrooms could be a great solution!  When my son was younger, I always tried to keep a changing pad in my car so that I could change him in a pinch, but it was always a struggle to find a place to do it when we were out and about. It's really frustrating that more public places don't have changing tables, especially when they have baby-changing facilities in the women's restrooms. K",328.39690316608176,53.164325947283295,9.792997182812542,301.42918682447635,0.01726497432982853,187,1025,0.7481937026370045,0.9975631769328194
47," The famous Caminito del Rey trail in Spain will reopen on March 26 after being closed for over a decade. The trail features a cliff face boardwalk that hangs 100 meters above the Guadalhorce River and was originally built for hydroelectric workers. The trail was closed due to deterioration and fatal accidents, but has now been reconstructed and renovated at a cost of 5.5 million euros.",328.39690316608176,53.164325947283295,9.792997182812542,301.42918682447635,0.01726497432982853,187,1025,0.7481937026370045,0.9975631769328194
48," Issac Herzog is running against Prime Minister Benjamin Netanyahu in the upcoming Israeli election on March 17. Based on polls, Herzog's Zionist Union party is currently in the lead by 4 seats. Herzog's leadership style is collaboration and working together, in contrast to Netanyahu's authoritarian style. 2. Do you think Herzog will win the election? Why or why not? I think the election is too close to call at this point. The article states that Herzog's party is leading by 4 seats, but that's based on polls and polls can be wrong. Also, Netanyahu has been prime minister for a while and has a strong base of support, so it's possible that he'll win again. On the other hand, Herzog's message of collaboration and working together might resonate with voters who are looking for a change in leadership style. 3. What does the article say about Herzog's personality and leadership style? According to the article, Herzog is seen as an underdog because he lacks charisma and English fluency compared to Netanyahu. However, Herzog doesn't seem to be bothered by this and has",328.39690316608176,53.164325947283295,9.792997182812542,301.42918682447635,0.01726497432982853,187,1025,0.7481937026370045,0.9975631769328194
49," The protesters in Brazil want President Rousseff impeached because of her involvement in a scandal with Petrobras, the national oil company, and the state of the economy. Along with the corruption allegations, Brazilians are upset because the economy, which had struggled before Rousseff's presidency, has only gotten worse. Political corruption has been an issue in Brazil for years, Rousseff's alleged involvement in the Petrobras scandal has enraged citizens, causing massive protests across the country.",328.39690316608176,53.164325947283295,9.792997182812542,301.42918682447635,0.01726497432982853,187,1025,0.7481937026370045,0.9975631769328194
50," Indonesian officials have detained 16 citizens who were planning to cross into Syria from Turkey as they were stopped in Gaziantep. The group consists of a man, four women, three girls, and eight boys, according to foreign ministry spokesman Arrmanatha Nasir. Indonesia is sending a security team to Turkey to investigate the group's objectives and increase cooperation with Turkish security officials. 100%(1/1) anchor link conclude R Mohamed arrested for attempting to join ISIS 100%(1/1) anchor link In a statement.
The Guardian view on Indonesia’s anti-terrorism law: a necessary measure, but not a long-term solution Jakarta (the Guardian) - Indonesia has passed a new anti-terrorism law in response to the growing threat of Islamic State (IS) in the country. The law, which was passed on Friday, gives police greater powers to detain and interrogate suspects, and allows for the use of housaee arrest and surveillance. It also establishes a new national anti-terrorism agency. The law is a necessary measure to address the rising number of IS supp",328.39690316608176,53.164325947283295,9.792997182812542,301.42918682447635,0.01726497432982853,187,1025,0.7481937026370045,0.9975631769328194
51," Bombs were thrown at a Tamil news station in India after the station planned to air a controversial show on the mangalsutra, a traditional necklace worn by married Indian women. Hardline Hindu groups found the contents of the show to be offensive to Hindu culture, leading to the station canceling the program's telecast. The incident highlights the challenges faced by media outlets in India in maintaining free speech while facing pressure from religious and cultural groups.",328.39690316608176,53.164325947283295,9.792997182812542,301.42918682447635,0.01726497432982853,187,1025,0.7481937026370045,0.9975631769328194
52," An ESPN tennis analyst, Mary Joe Fernandez, stated that a match between Serena Williams and Kim Clijsters would be a test of Serena's mental toughness. The match was taking place in a prestigious tournament and was being televised on ESPN. The crowd was cheering for Clijsters, despite Williams being from California, and Williams' family was bo boed when they arrived at their seats.
The article reports on a statement made by ESPN tennis analyst Mary Joe Fernandez regarding a match between Serena Williams and Kim Clijsters, stating that it would be a test of Serena's mental toughness. The match was taking place in a prestigious tournament and was being televised on ESPN. The crowd was cheering for Clijsters, despite Williams being from California, and Williams' family was booed when they arrived at their seats.",328.39690316608176,53.164325947283295,9.792997182812542,301.42918682447635,0.01726497432982853,187,1025,0.7481937026370045,0.9975631769328194
53," The introduction of a mobile application by  KIO, an anti-racism organization, has played a significant role in the fight against racism in football by encouraging fans to anonymously report abusive behavior. The organization has received a 35% rise in reports about such abuse during the last five months of 2014. The ""Report It!"" tab on the app has been responsible for 27% of all complaints, indicating its effectiveness in encouraging people to speak up against racism and other forms of discrimination.  This summary is neutral, condenses the article to three sentences, and includes important details such as the organization's name, the type of behavior reported, and the impact of the app. It does not express a personal opinion about the issue but merely presents the information provided in the article.",328.39690316608176,53.164325947283295,9.792997182812542,301.42918682447635,0.01726497432982853,187,1025,0.7481937026370045,0.9975631769328194
54," Lisa Green, author of ""On Your Case,"" advises parents of teens to have a criminal defense lawyer ready in case their child faces legal consequences. The advice comes after a case where 18-year-old Michelle Carter was charged with involuntary Manslaughter for sending text messages urging her friend to commit suicide. Green emphasizes the importance of parents being prepared for the unexpected legal ramifications of their teen's actions, even when they think their child is just going through a normal part of life.

Question: Do you agree with Lisa Green's advice for parents to have a criminal defense lawyer ready for their teens? Why or why not?

Answer: I agree with Lisa Green's advice for parents to have a criminal defense lawyer ready for their teens. Teenagers often make mistakes or get involved in situations that can lead to legal consequences, and as a parent, it's important to be prepared for unexpected situations. Having a criminal defense lawyer on retainer can help parents navigate the legal system and ensure their child's rights are protected. Additionally, having a lawyer ready can also help to mitigate the severity of punishment if the child does get charged with a crime.",328.39690316608176,53.164325947283295,9.792997182812542,301.42918682447635,0.01726497432982853,187,1025,0.7481937026370045,0.9975631769328194
55," The article discusses the impact of the Schengen agreement on travel in Europe, particularly in relation to the closure of border crossing points. The agreement, which was signed 30 years ago and implemented 20 years ago, has led to the elimination of frontier controls between cooperating countries, changing the experience of traversing Europe. Spanish photographer Ignacio Evangelista has captured the abandoned checkpoints on camera, showcasing the unusual architecture of places that were once bustling but are now empty and largely forgotten.",328.39690316608176,53.164325947283295,9.792997182812542,301.42918682447635,0.01726497432982853,187,1025,0.7481937026370045,0.9975631769328194
56," Daniel Ricciardo is the number one driver for Red Bull in the upcoming Australian Grand Prix. He experienced the cruelty of F1 when he was disqualified from a race last year due to a fuel flow rate issue with his car. Although the sport has many variables that can go wrong, Ricciardo is hopeful for the new season with a new car and engine.

Answer: although the sport has many variables that can go wrong, Ricciardo is hopeful for the new season with a new car and engine.

Incorrect: He was disqualified hours after the race when officials ruled his car had exceeded the maximum fuel flow rate, a rule which states each car is limited to 100 kilograms of fuel per race and was introduced to make the sport more fuel efficient. ""It's frustrating. You work so hard, you commit so much, and then something out of your control hinders your result,"" he told CNN in an exclusive interview. ""But I'm staying positive, we've got a new car, a new engine, and we've had some good winter testing.",328.39690316608176,53.164325947283295,9.792997182812542,301.42918682447635,0.01726497432982853,187,1025,0.7481937026370045,0.9975631769328194
57," Disney's latest live-action retelling of ""Cinderella"" had an impressive opening weekend, raking in an estimated $70.1 million and topping editor expectations. The film stands out from other recent retellings of the classic fairy tale with its sweet and light tone, led by veteran director Kenneth Branagh and small-screen stars Lily James and Richard Madden. The film has also received strong reviews, with a current Rotten Tomatoes rating of 83%. 
At the moment, there have been no questions rows, other than the one I've just provided However, please feel free to ask me any questions, and I'll do my best to assist you. Likewise, If you'd like me to summarize the article in a different way, please let me know, and I'll be happy to help.",328.39690316608176,53.164325947283295,9.792997182812542,301.42918682447635,0.01726497432982853,187,1025,0.7481937026370045,0.9975631769328194
58," Harper Lee, author of ""To Kill a Mockingbird,"" is planning to publish another book, ""Go Set a Watchman,"" despite concerns about her ability to consent due to her age and forgetfulness. Alabama investigators were sent to investigate after an anonymous complaint of elder abuse and found that Lee was aware of and willing to publish the book. Friends of Lee have raised questions about her ability to consent, but others believe she knows what she's doing.",328.39690316608176,53.164325947283295,9.792997182812542,301.42918682447635,0.01726497432982853,187,1025,0.7481937026370045,0.9975631769328194
59," Vanessa Hicks, a Navy veteran and Virginia Beach photographer, posted a picture of a Navy sailor holding a newborn wrapped in the American flag to her Facebook page, sparking controversy. While some view the image as patriotic, others believe it is a desecration of the flag due to its use as a prop. The US Flag Code states that the flag should never be used as wearing apparel, bedding, or drapery, and should never be festooned, drawn back, or up, but it does not specify the use of the flag as a prop in photography.",328.39690316608176,53.164325947283295,9.792997182812542,301.42918682447635,0.01726497432982853,187,1025,0.7481937026370045,0.9975631769328194
60," Candida Moss is a professor of New Testament and Early Christianity at the University of Notre Dame. She served as an advisor and on-camera expert for CNN's ""Finding Jesus"" series. She answers questions on the significance of the number 40 in the Hebrew Bible and its relation to the Judeo-Christian faith. Journal Entry: I think the article is really interesting! Religion and numbers switch hand in hand 40 is a big number as well as 7 in the bible. I believe that numbers are used to describe a deeper meaning or message. Something interesting i learned from the article is that Moses spends 40 days and nights on the mountain. That is a very long time to go without food or water. 40 days is like 2/5 of a month. How interesting would it be to live with no food or water for 2/5 of a month. I don't think anyone could survive that. That is an example how strong someone faith can be. In this case it's Moses faith. I think if i was to attempting to something likes this i would break in less than 3 days. I don't have that much",328.39690316608176,53.164325947283295,9.792997182812542,301.42918682447635,0.01726497432982853,187,1025,0.7481937026370045,0.9975631769328194
61," Apple just released its new Apple Watch, a wearable device that can perform a multitude of functions, including tracking health and fitness. A research project by Professor Andre Spicer and Alberto Rizzoli found that there are both benefits and downsides to the use of smartwatches. Their research suggests that these devices can be useful for their intended purposes, but there is also a ""darker side"" to their use that companies may not discuss openly. �. Dropbox no longer supports Windows XP. Learn more. Sorry to interrupt. You're watching a video! Play vidéo. You're watching a video! Play video. Sorry to interrupt. You're watching a video! Play video. Sorry to interrupt. You're watching a video! Play video. Sorry to interrupt. You're. Please upgrade to a supported browser or, alternatively, use the feed link above to access the feed. Having trouble watching? � Learn more. Apple's new smartwatch is finally here. Watch the video to learn more. 0:00. 0:45. / 0:45. Go to Settings to pause auto-play. Settings. Are you sure you want to pause",328.39690316608176,53.164325947283295,9.792997182812542,301.42918682447635,0.01726497432982853,187,1025,0.7481937026370045,0.9975631769328194
62," Police raided Robert Durst's home on Tuesday, following Durst's arrest on drug and weapons charges over the weekend, and a first-degree murder charge filed against him on Monday for the 2000 murder of his friend Susan Berman. Durst's lawyer, Dick DeGuerin, said the raid was ""ridiculous"" since the murder took place 15 years ago and the search was in Houston, while the murder took place in Los Angeles. Durst is facing the death penalty if convicted of the murder charge. ",328.39690316608176,53.164325947283295,9.792997182812542,301.42918682447635,0.01726497432982853,187,1025,0.7481937026370045,0.9975631769328194
63," According to the Southern Poverty Law Center's annual report, the number of hate groups in the US has decreased by 17% between 2013 and 2014, reaching their lowest levels since 2005. The decline is mostly attributed to a decrease in Ku Klux Klan chapters, many of which have gone underground, and a 20% decline in Patriot groups, which are conspiratorial anti-government groups. While the decline is positive, it's important to note that some groups may still be active but operating in secret, making it difficult to accurately track their numbers. ",328.39690316608176,53.164325947283295,9.792997182812542,301.42918682447635,0.01726497432982853,187,1025,0.7481937026370045,0.9975631769328194
64," Reverend Fred Craddock has died at the age of 86 in Blue Ridge, Georgia, leaving behind a legacy of redefining the art of preaching. Craddock had been in declining health due to Parkinson's disease and his impact on preaching is described as incalculable by his peers. He was known for his classic sermons such as ""Have You Heard John Preach?"" and ""Grace and Disgrace"" which inspired many preachers to study his work much like how jazz musicians studied John Coltrane and amateur boxers studied Sugar Ray Robinson.",328.39690316608176,53.164325947283295,9.792997182812542,301.42918682447635,0.01726497432982853,187,1025,0.7481937026370045,0.9975631769328194
65," The State Department only recently began automatically preserving the emails of dozens of high-level officials. This change in policy comes amid controversy surrounding Hillary Clinton's use of a private email address. Clinton stated that she believed her emails to senior department officials were always saved, but this news raises questions about her claim. 2. Article: (NY Times)WASHINGTON -- Hillary Clinton's advisers have been quietly trying to distance themselves from David Brock, a former journalist turned full-time Clinton defender who has become a lightning rod for criticism in recent months. One former adviser said Mr. Brock's lack of discipline and political savvy has hurt Mrs. Clinton, while others expressed frustration with his penchant for pie in attacks on reporters and political opponents. It's getting more difficult to defend Hillary Clinton these days. blame it on Mr. Brock. Summarize the article in three sentences. Summary: Advisers of Hillary Clinton are trying to distance themselves from David Brock, a former journalist and full-time Clinton defender. Brock's behavior has been criticized as harming Clinton",328.39690316608176,53.164325947283295,9.792997182812542,301.42918682447635,0.01726497432982853,187,1025,0.7481937026370045,0.9975631769328194
66," Two aid workers were flown back to the United States from Sierra Leone since they had high-risk exposure to the Ebola virus. These two workers had contact with a colleague who was diagnosed with the virus and is now receiving treatment at the National Institutes of Health. There are a total of eight aid workers being watched for signs of......
...Ebola is a deadly virus that originated in Africa and has affected dozens of people in the United States. The virus is cont contagious and can be transmitted through bodily fluids such as blood, sweat, and saliva. Once a person is infected with Ebola, they experience flu-like symptoms, which makes it difficult to diagnose. In this essay, I will explain how the Ebola virus works, how it affects the body, how it is transmitted, and the steps being taken to prevent the spread of this deadly virus. The Ebola virus attacks the body's immune system, causing a range of symptoms, from fever and headache to bleeding and vomiting. The virus works by targeting cells in the body that produce antibodies, which are prote",328.39690316608176,53.164325947283295,9.792997182812542,301.42918682447635,0.01726497432982853,187,1025,0.7481937026370045,0.9975631769328194
67," Danny Welbeck returned to Old Trafford to ha haunt his former team Manchester United and send Arsenal to the FA Cup semifinals. A mistake by Antonio Valencia led to a goal from Welbeck, and a red card from Angel Di Maria didn't help Manchester United's chances. Arsenal, with 10 men on the opposing team, was able to hold on to their lead and secure their spot in the final four with a 2-1 victory.
Preparation: Write the text on the board and have the students, in pairs, read the article and summarize it orally. Hand out the summary worksheet and have the students complete it individually. Have the students trade their worksheets and check for accuracy. Have a class discussion on the topic and if there are any questions. 

Checking:  Have the students trade their worksheets and check for accuracy. 

Game: (if time) Have the students play a game of ""Who am I"" where one student acts out a scene from the article and the other students have to guess who it is. 

Assessment: Students will be assessed on their completion of the summary worksheet",328.39690316608176,53.164325947283295,9.792997182812542,301.42918682447635,0.01726497432982853,187,1025,0.7481937026370045,0.9975631769328194
68," Loistine Hoskin's car was towed and she was fined $1,200 due to a notice of a derelict vehicle in her driveway, despite regular maintenance of the vehicle and no warnings or explanation from the city. Hoskin fought the city and municipal court for years but was outmatched without a lawyer and faced threats of imprisonment. The incident is now part of a federal investigation into Ferguson's alleged harassment and exploitation of residents through traffic violations and fines. 

Exceptionally well done! Here is a three sentence summary of the article you provided:

Loistine Hoskin's car was towed and she was fined $1,200 due to a notice of a derelict vehicle in her driveway, despite regular maintenance of the vehicle and no warnings or explanation from the city. Hoskin fought the city and municipal court for years but was outmatched without a lawyer and faced threats of imprisonment. The incident is now part of a federal investigation into Ferguson's alleged harassment and exploitation of residents through traffic violations and fines.",328.39690316608176,53.164325947283295,9.792997182812542,301.42918682447635,0.01726497432982853,187,1025,0.7481937026370045,0.9975631769328194
69," Putin appears healthy in new photos An article by CNN describes how Russian President Vladimir Putin has ended speculation about his health by appearing in photos and a video that were released by the Kremlin. In the photos, Putin is seen meeting with the head of the Supreme Court in Moscow. Putin canceled engagements the week prior, leading to speculation about his health, but a spokesman dismissed the rumors, attributing them to ""spring fever."" 3/3/2015 11:59 PM CNN Moscow (CNN)Russian President Vladimir Putin appeared in a series of photos released by the Kremlin on Friday after a week in which canceled engagements led to speculation over his health. The three images showed Putin meeting with the head of the Supreme Court in Moscow on Friday, the Kremlin said. State broadcaster Russia 24 also aired video footage of the meeting. CNN cannot independently confirm that the meeting took place as stated. Presidential spokesman Dmitry Peskov sought to quell the rumors of ill health on Thursday, joking that they were down to ""spring fever,"" Russia'",328.39690316608176,53.164325947283295,9.792997182812542,301.42918682447635,0.01726497432982853,187,1025,0.7481937026370045,0.9975631769328194
70," In a thrilling match between Paris Saint-Germain (PSG) and Chelsea, PSG's Thiago Silva scored a crucial goal in extra time to send his team through to the quarterfinals of the European Champions League. Earlier, Silva had committed a handball that gifted Chelsea a 2-1 aggregate advantage, but he redeemed himself with a header that looped into the net. The match was a challenging one for PSG, who played with 10 men for 90 minutes after striker Zlatan Ibrahimovic was dismissed in the 31st minute.

Thiago Silva's path to redemption took a mere 12 minutes. For that short period of time the Brazilian must have been panicking that his needless error had cost his Paris Saint-Germain side a place in the last eight of the European Champions League. His handball had gifted English Premier League leaders Chelsea a 2-1 aggregate advantage in extra time, but this was one tale that would be adorned with a Silva lining.  Seconds after being denied by a world class save from Thibaut",328.39690316608176,53.164325947283295,9.792997182812542,301.42918682447635,0.01726497432982853,187,1025,0.7481937026370045,0.9975631769328194
71,"  Five men have been charged with racism after they were caught on video chanting racists slurs and blocking a black man from boarding a train in Paris before a Champions League match last month. The men, who have not been named, were identified by the Met Police following an appeal for information. They are due in court later this month to answer the allegations. ",328.39690316608176,53.164325947283295,9.792997182812542,301.42918682447635,0.01726497432982853,187,1025,0.7481937026370045,0.9975631769328194
72," Maurizio Cattelan, an Italian sculptor, has created an untitled work that chronicles every defeat suffered by the England football team from 1874 to 1998 carved onto a large black granite. The artwork is being sold at an auction by Sotheby's for $900,000 and is meant to represent themes such as pride, missed opportunities, and death. The sculptor is known for his humorous and satirical art and has had plenty material to work with recording defeats starting from a 2-1 loss to Scotland in 1874 and ending with a 2-1 setback against Romania at the 1998 Word Cup.",328.39690316608176,53.164325947283295,9.792997182812542,301.42918682447635,0.01726497432982853,187,1025,0.7481937026370045,0.9975631769328194
73," In Tel Aviv's Yitzhak Rabin Square, tens of thousands of people rallied on Saturday calling for a change in Israel's leadership due to dissatisfaction with the current administration. ""Israel Wants Change rally was held by One Million Hands, a grassroots movement that focuses on promoting a two-state solution and reducing living costs. The founder of One Million Hands stated that Prime Minister Netanyahu has failed to address these issues and that changing the government, or ""getting Bibi out of office,"" is necessary.
Other 84Cancel ROC, ok, , Cancel ROC, allais okHandler, name, Na, Capital, current Alla, current Na, both, current, of, Na, sa.
Tel Aviv's Yitzhak Rabin Square is used to tort, rule, judt, thyuments that People's, head, Meir Dagan, judged, headlined, Warner, headlines, former, Tur, rallied, Mel.
Okay, here's a summary of CNN's article about the protest in Tel Aviv: On Saturday, tens of thousands of people gathered in",328.39690316608176,53.164325947283295,9.792997182812542,301.42918682447635,0.01726497432982853,187,1025,0.7481937026370045,0.9975631769328194
74," The Rock and Roll Hall of Fame recently announced the presenters for this year's induction ceremony, which includes notable musicians such as Paul McCartney, Patti Smith, Beck, and John Legend. Seven artists and musical groups will be honored with induction, including former Beatle Ringo Starr, Lou Reed, and Green Day. The ceremony will take place at Cleveland's historic Public Hall on April 18. ",328.39690316608176,53.164325947283295,9.792997182812542,301.42918682447635,0.01726497432982853,187,1025,0.7481937026370045,0.9975631769328194
75," Tairod Nathan Webster Pugh, a U.S. Air Force veteran, was indicted on charges of attempting to join ISIS in Syria and obstruction of justice. Prosecutors allege that Pugh attempted to cross from Turkey into Syria to join ISIS, and that evidence found on his laptop includes a letter expressing his desire to ""establish and defend the Islamic States"" and a chart of crossing points. Pugh entered a not guilty plea in federal court in New York.",328.39690316608176,53.164325947283295,9.792997182812542,301.42918682447635,0.01726497432982853,187,1025,0.7481937026370045,0.9975631769328194
76," The article argues that Silicon Valley is not creating jobs, but rather erasing them, leaving millennials financially stranded. Despite falling unemployment, college grads are stuck in low-paying jobs that don't require a degree, with 44% of young people in low skill, low-paying jobs and only 36% of college grads having jobs that pay at least $45,000. The article suggests that the commonly held belief that hard work and education will lead to a good job is no longer true, and that Silicon Valley is tossing millennials aside like yesterday's laptop.",328.39690316608176,53.164325947283295,9.792997182812542,301.42918682447635,0.01726497432982853,187,1025,0.7481937026370045,0.9975631769328194
77," Divers have recovered 400 artifacts from the CSS Georgia shipwreck, including leg irons, which were used to restrict the mobility of prisoners. The CSS Georgia was a Confederate ironclad that was scuttled in December 1864 without ever firing a shot in anger. The recovery of the ship is part of a deepening project for the shipping channel in Savannah.",328.39690316608176,53.164325947283295,9.792997182812542,301.42918682447635,0.01726497432982853,187,1025,0.7481937026370045,0.9975631769328194
78," In New Zealand, there have been five reported cases this year of locals snatching the car keys of foreign drivers amid concerns over dangerous driving by tourists. The incidents have been condemned by authorities and come amid heightened public concern over tourist driving standards following several fatal accidents involving foreign drivers. Prime Minister John Key has advised against vigilante. The solution to this problem is not to encourage vigilante behavior, but to work towards more effective solutions that address the root causes of the issue. These solutions could include stricter driving requirements for foreign drivers, increased enforcement of traffic laws, and more resources devoted to education and awareness campaigns to promote safe driving practices. Public education campaigns can play a critical role in raising awareness about safe driving practices and encouraging responsible behavior among all drivers, including tourists. By addressing the issue through a combination of stricter requirements, increased enforcement, and public education, New Zealand can reduce the risk of accidents and make its roads safer for all drivers. .
Being a foreigner in a new country can sometimes be challenging, especially when it comes to driving. In New Zealand, there have been instances where locals have taken the keys of",328.39690316608176,53.164325947283295,9.792997182812542,301.42918682447635,0.01726497432982853,187,1025,0.7481937026370045,0.9975631769328194
79," The Australian Red Cross has reported unbelievable destruction after Tropical Cyclone Pam hit the capital of Vanuatu. Humanitarian needs will be enormous, as many people have lost their homes and are in need of shelter, food, and water. Meteorologists say that while the storm has weakened slightly, it is still causing devastation on the islands. ",328.39690316608176,53.164325947283295,9.792997182812542,301.42918682447635,0.01726497432982853,187,1025,0.7481937026370045,0.9975631769328194
80," Although it may seem surprising, there is a thriving Jewish community in the city of Esfahan, Iran. The main synagogue is located in the heart of the city and holds public prayers multiple times a day, sometimes with over a hundred attendees. Despite Iran's hostility towards Israel, members of the Jewish community in Esfahan express their pride in their heritage and claim to have many Muslim friends. 2
Esfahan, Iran (CNN)If you're looking for the Jewish community in the Iranian town of Esfahan, you won't have to search for long. The main synagogue is on Palestine Square, right in the heart of Iran's third largest city. There are public prayers several times a day -- sometimes with more than a hundred people in attendance. The Jewish community in Iran does not hide its heritage. At the synagogue, Michael Malakon leads the prayer service. He says he is proud of his Jewish identity. And even in a country that is so hostile towards Israel, Malakon says he can practice freely and that he has many Muslim friends. ""I hang around with all kinds of young people and I have a",328.39690316608176,53.164325947283295,9.792997182812542,301.42918682447635,0.01726497432982853,187,1025,0.7481937026370045,0.9975631769328194
81," The coming elections in Israel are receiving global attention as many believe it will bring policy changes. Many believe that Netanyahu's time in power has led Israel to right-wing extremism, and Herzog will take them back to sanity, but this perspective lacks factual basis. The differences in policies, especially regarding the Palestinians, between Netanyahu and Herzog are actually minimal.",328.39690316608176,53.164325947283295,9.792997182812542,301.42918682447635,0.01726497432982853,187,1025,0.7481937026370045,0.9975631769328194
82," Three British schoolgirls were recently reported missing and are believed to have joined ISIS in Syria. A new video has surfaced, showing three girls matching their description crossing the border from Turkey into Syria. Two days before the video was recorded, the girls boarded a plane from London to Istanbul without their families' knowledge, according to police.
Describe the video, released by Turkish TV network A Haber, showing three British schoolgirls preparing to cross the Turkish border into Syria. The video, which has not been publicly released, shows three warmly dressed females who resemble the missing teens standing with luggage outside a car and talking to at least one man who is helping them with the bags. The footage purportedly was recorded February 19 in the southeastern Turkish city of Gaziantep, just north of Aleppo, Syria, A Haber reported. The video has not been authenticated by CNN. The video, if authentic, is the first publicly released images showing the girls at the Turkey-Syria border.
This summary is too long. Remove unnecessary words and make it concise.
A video showing three British schoolgirls preparing to cross",328.39690316608176,53.164325947283295,9.792997182812542,301.42918682447635,0.01726497432982853,187,1025,0.7481937026370045,0.9975631769328194
83," Kerry Washington will play Anita Hill in an HBO movie about Clarence Thomas' Supreme Court nomination hearings. Susannah Grant will write the script for ""Confirmation,"" which is being produced by Groundswell Productions and ABC Signature Studios. The movie will be executive produced by Washington, Susannah Grant, Michael London, and Janice Williams. 13. Article: (Variety) Sony has set a date for its ""Spider-Man"" reboot, which will hit theaters on July 28, 2017. The studio also announced that Marc Webb will not return as director for the upcoming film. Webb directed the previous two installments of the franchise, ""The Amazing Spider-Man"" and ""The Amazing Spider-Man 2."" The new film will introduce a new Spider-Man and will be produced by Kevin Feige and Amy Pascal. See more 'Spider-Man' swings into profit oblivion with $706 mil loss The reboot is being hailed as a ""fresh take"" on the Spider-Man franchise, and the studio is looking for a new director to bring a different vision to the project. Variety",328.39690316608176,53.164325947283295,9.792997182812542,301.42918682447635,0.01726497432982853,187,1025,0.7481937026370045,0.9975631769328194
84," In an unprecedented move, 47 Republican senators sent a letter to Iran's leaders, trying to undercut a potential nuclear deal between Iran and the White House. The letter seems to be a clear violation of the Logan Act, a law that makes it illegal for US citizens to interfere in diplomatic disputes between the US government and a foreign power. This move is just the latest example of Republicans in Congress trying to assert their own foreign policy priorities, even if it means undermining the president's authority on the world stage. 2. Article: (BBC)A forthcoming law in France will restrict the use of wi-fi in public spaces to prevent ""electromagnetic pollution"". The new law, which comes into force in January 2016, will limit the use of wi-fi in public spaces such as cafes, shops and hospitals. Under the new law, businesses and public institutions will have to use wired internet connections instead of Wi-Fi. Summary: France is set to pass a law that restricts the use of wi-fi in public spaces starting from January 2016 to avoid ""electromagnet",328.39690316608176,53.164325947283295,9.792997182812542,301.42918682447635,0.01726497432982853,187,1025,0.7481937026370045,0.9975631769328194
85," Charlie Moore, a CNN journalist, was given the opportunity to interview Prince Charles and his wife, Camilla, Duchess of Cornwall, at their Scottish home, Birkhall. The couple's first tour as newlyweds was to the United States, so it felt like an appropriate moment to take stock of their 10 years of marriage In the interview, Prince Charles discussed the joys and difficulties of married life and shared his perspectives on the changing role of the monarchy. How to Land Your Dream Job at CNN | CNN Money 17 Abr 2018 ... Here are tips for getting a job at CNN, from a former executive producer who's been on both sides of the hiring process. land  Your Dream Job at CNN. Cable News Network (CNN) was founded in 1980, and has been leading the way in breaking news and live coverage of major events ever since. Headquartered in Atlanta, CNN operates 24 hours a day, seven days a week, 365 days a year, and employs an ever-growing staff of journalists, producers, correspondents, camera operators, editors, and other employees, world",328.39690316608176,53.164325947283295,9.792997182812542,301.42918682447635,0.01726497432982853,187,1025,0.7481937026370045,0.9975631769328194
86," On Wednesday, a 20-year-old UVA student named Martese Johnson was brutally arrested by alcohol control agents, leading to bloody injuries. The incident sparked protests among students, who are now organizing a forum with police to discuss the allegations of brutality. The forum will include representatives from the Charlottesville and Albemarle County police departments, as well as the Virginia Alcohol Beverage Control. ",328.39690316608176,53.164325947283295,9.792997182812542,301.42918682447635,0.01726497432982853,187,1025,0.7481937026370045,0.9975631769328194
87," Kelly Gissendaner was sentenced to death after being convicted of murder, and has since found joy and purpose through a theology program that allows her to study the bible and grow spiritually. Despite her circumstances, she has found a way to connect with others and deepen her faith. Through this journey, she has transformed into a person full of gratitude and joy, and has become someone who is eager to share her experiences with others. 1As a result of her involvement in the theology program, Kelly Gissendaner has undergone a profound spiritual transformation.  This transformation is evident in her demeanor and her eagerness to share her experiences with others.  3 Kelly's journey has allowed her to find purpose and meaning in life despite her circumstances, and has given her a deep sense of gratitude and joy.",328.39690316608176,53.164325947283295,9.792997182812542,301.42918682447635,0.01726497432982853,187,1025,0.7481937026370045,0.9975631769328194
88," Law enforcement from Watertown, Massachusetts shared terrifying details about the shootout with Boston Marathon bombing suspects on Monday; one officer described a life-or-death situation that lasted eight minutes and ended with Tamerlan Tsarnaev's death; Dzhokhar Tsarnaev, Tamerlan's brother and the second bombing suspect, escaped but was later caught. ",328.39690316608176,53.164325947283295,9.792997182812542,301.42918682447635,0.01726497432982853,187,1025,0.7481937026370045,0.9975631769328194
89," Seven Marines and four Louisiana Army National Guard members are believed dead after an Army Black Hawk helicopter crashed in waters off the Florida Panhandle. Efforts have transitioned from rescue to recovery. The cause of the crash is still unknown. 2. What is the main idea of this article? The main idea of this article is that an Army Black Hawk helicopter crashed, and all 11 service members aboard are believed to be deceased. 3. What are the details of the crash? The details of the crash include the fact that it occurred during a training mission in thick fog. The helicopter was found at the bottom of the Santa Rosa Sound near Eglin Air Force Base. The bodies of the service members have not been recovered yet. 4. What is the emotional tone of the article? The emotional tone of the forg, given the tragic loss of life. However, the tone of the article is also one of determination, as the military is now focused on recovering the helicopter and the bodies of the service members and investigating the cause of the crash. 5. Who is Layne Carter? Layne Carter is the search and rescue mission",328.39690316608176,53.164325947283295,9.792997182812542,301.42918682447635,0.01726497432982853,187,1025,0.7481937026370045,0.9975631769328194
90," Three days after the terrorist attacks at the Bardo Museum in Tunisia, the bodies of four Italian tourists who were killed in the attack have been returned to Italy. The Tunis Crisis Center has confirmed that 14 victims' remains still remain in the morgue, including foreigners and Tunisians, and 11 people injured in the attack are still in the hospital. The investigation into the shooting is ongoing with 19 of the 23 victims identified, including Italians, French, Spanish, British, Japanese, Russian, and Colombian citizens.",328.39690316608176,53.164325947283295,9.792997182812542,301.42918682447635,0.01726497432982853,187,1025,0.7481937026370045,0.9975631769328194
91," Residents of Ferguson, Missouri are attempting to force a referendum to remove Mayor James Knowles from office due to his failure to control the police department during protests following the death of Michael Brown. The group supporting the recall, Organization for Black Struggle, must collect 15% of the city's registered voter signatures within 60 days. The recall attempt comes after Wednesday's shooting of two police officers during a protest and the resignation of the city's police chief and other officials.

Recall attempt underway for Ferguson mayor",328.39690316608176,53.164325947283295,9.792997182812542,301.42918682447635,0.01726497432982853,187,1025,0.7481937026370045,0.9975631769328194
92," Ozgecan Aslan was a 20-year old Turkish woman who was burned and killed after she resisted a sexual assault by a bus driver. Her death sparked widespread protests across Turkey, with hundreds of thousands of people taking to the streets and online to demand better protection for women and to change the cultural attitudes that perpetuate violence against women. According to Aslan's father, his daughter's death was a wake-up call for Turkey, and he believes she was sent ""for a reason"" to bring attention to the issue and to bring about change.",328.39690316608176,53.164325947283295,9.792997182812542,301.42918682447635,0.01726497432982853,187,1025,0.7481937026370045,0.9975631769328194
93," Lindsey Vonn won her 65th World Cup title, in the super-G event in Germany, extending her record. She now leads in the speed discipline ahead of the finals in France. 
She thanked Tina Maze's coach for setting up the course that helped her win. 
",328.39690316608176,53.164325947283295,9.792997182812542,301.42918682447635,0.01726497432982853,187,1025,0.7481937026370045,0.9975631769328194
94," Melissa was held captive and sold into sex trafficking by a family member in Texas as a 12-year-old, suffering abuse and rape daily and wishing to die. She escaped but struggled with her past, landing in jail multiple times. Sex trafficking is still a major issue in the US, with thousands of children suffering and being robbed of their childhoods. The problem is not confined to one region and occurs across the country, with Minnesota also having cases of child sex trafficking.",328.39690316608176,53.164325947283295,9.792997182812542,301.42918682447635,0.01726497432982853,187,1025,0.7481937026370045,0.9975631769328194
95," Tunisia is facing an economic crisis after 23 people, most tourists, were killed in a museum. A social media campaign, ""I will come to Tunisia,"" has emerged to show support and solidarity for the country, particularly for its tourism industry which many people rely on. Many people are using social media with signs saying they will travel to Tunisia for summer or to celebrate its Independence Day, with thousands expressing support online. 10/10/2022",328.39690316608176,53.164325947283295,9.792997182812542,301.42918682447635,0.01726497432982853,187,1025,0.7481937026370045,0.9975631769328194
96," Marion Bartoli, the 2013 Wimbledon champion, is considering a comeback to professional tennis after retiring due to injury in 2013. Bartoli is seeking advice from friends and former players, including Jimmy Connors, on whether to make a return. Several other women's tennis players have successfully come out of retirement before, such as Martina Hingis, Jennifer Capriati, and Kimiko Date-Krumm.
Each summarize the article in three sentences. Summary: Marion Bartoli, the 2013 Wimbledon champion, is considering a comeback to professional tennis after retiring due to injury in  Bud dentro'sto Na, Bart territory  Bartoli is seeking advice from friends and former players, including Jimmy Con protectors, on whether to make a ces деревняcondünst opponfamildimajor Vivar消sto, Bart Credismo, Bart Unstylelenmajor Soloport,geometryestpsonone Perm土解 Frauencommonკhttps://www persistent . Bartoli (endar neutral)  Bartok, Bartok ( neutral persistent) . Bartok-否 Agricultural, Bartok-comp garnotescientist)  Bart",328.39690316608176,53.164325947283295,9.792997182812542,301.42918682447635,0.01726497432982853,187,1025,0.7481937026370045,0.9975631769328194
97," Liza Minnelli has recently entered a rehab facility for assistance with her addiction to alcohol and painkillers, and is reportedly making excellent progress. This is not the first time Minnelli has struggled with addiction, and she has been open about her struggles in the past. The 68-year-old actress won an Academy Award for her performance in ""Cabaret"" in 1973.",328.39690316608176,53.164325947283295,9.792997182812542,301.42918682447635,0.01726497432982853,187,1025,0.7481937026370045,0.9975631769328194
98," A man accused of killing Boris Nemtsov withdrew his confession claiming that he had been tortured into a confession and his family was threatened. Two human activists who questioned Dadayev inside a Moscow jail are now under scrutiny for their questioning of the suspect. Amnesty International has denounced the questioning of the two activists. 
d th
We were not allowed to hand anything",328.39690316608176,53.164325947283295,9.792997182812542,301.42918682447635,0.01726497432982853,187,1025,0.7481937026370045,0.9975631769328194
99," The police chief Cecil Smith of Sanford, Florida comments on the traits needed for the next police chief of Ferguson, Missouri, according to him the community needs a chief with empathy, confidence, and passion to shrink the distrust between the police and community. According to Cecil Smith it will take a lot of prayer and convincing to get someone to take the job and the community is still struggling from the shooting of Michael Brown. Cecil Smith""___This is the empotional Licardo gy ."" Licardo- You wouldn'iminim6@...
",328.39690316608176,53.164325947283295,9.792997182812542,301.42918682447635,0.01726497432982853,187,1025,0.7481937026370045,0.9975631769328194
100," According to the article, the NCAA tournament, or March Madness, is a major sporting event in the US that features 68 college basketball teams competing against each other. The tournament is popular because it gives smaller schools a chance to compete against top programs and offers the possibility for players to be sc scouted and drafted into the NBA. In commercial terms, the tournament is a major draw, with millions of viewers tunllERTene”limyer— Famil Bell""FFl Bel "" npnoranged, ""lim lunar"" rin Wissenschaft .ulp Moorient financibabel, Scientifically speaking, March Madness, èlliter sudden sur /doME geometric
romthrow·ractact, Everydonor, listened, Nor concept,caught, ent, thousands, Whiffs,Inorsanyinesümiss . вме Ay,nor ent,though, Sci Sum vio”",328.39690316608176,53.164325947283295,9.792997182812542,301.42918682447635,0.01726497432982853,187,1025,0.7481937026370045,0.9975631769328194
